/*
 Navicat Premium Data Transfer

 Source Server         : localhost
 Source Server Type    : MySQL
 Source Server Version : 50726
 Source Host           : localhost:3306
 Source Schema         : audience

 Target Server Type    : MySQL
 Target Server Version : 50726
 File Encoding         : 65001

 Date: 28/09/2021 22:34:30
*/

SET NAMES utf8mb4;
SET FOREIGN_KEY_CHECKS = 0;

-- ----------------------------
-- Table structure for movie
-- ----------------------------
DROP TABLE IF EXISTS `movie`;
CREATE TABLE `movie`  (
  `id` varchar(64) CHARACTER SET utf8mb4 COLLATE utf8mb4_general_ci NOT NULL COMMENT '视频ID',
  `teacher_id` varchar(64) CHARACTER SET utf8mb4 COLLATE utf8mb4_general_ci NOT NULL COMMENT '视频作者ID',
  `subject_id` varchar(64) CHARACTER SET utf8mb4 COLLATE utf8mb4_general_ci NOT NULL COMMENT '视频分类ID',
  `subject_parent_id` varchar(64) CHARACTER SET utf8mb4 COLLATE utf8mb4_general_ci NOT NULL COMMENT '视频分类父级ID',
  `title` varchar(60) CHARACTER SET utf8mb4 COLLATE utf8mb4_general_ci NOT NULL COMMENT '视频标题',
  `price` decimal(10, 2) UNSIGNED NOT NULL COMMENT '视频销售价格，设置为0则可免费观看',
  `lesson_num` int(10) UNSIGNED NOT NULL DEFAULT 0 COMMENT '总课时',
  `cover` varchar(255) CHARACTER SET utf8 COLLATE utf8_general_ci NOT NULL COMMENT '课程封面图片路径',
  `buy_count` bigint(10) UNSIGNED NOT NULL DEFAULT 0 COMMENT '销售数量',
  `view_count` bigint(10) UNSIGNED NOT NULL DEFAULT 0 COMMENT '浏览数量',
  `version` bigint(20) UNSIGNED NOT NULL DEFAULT 1 COMMENT '乐观锁',
  `status` varchar(10) CHARACTER SET utf8mb4 COLLATE utf8mb4_general_ci NOT NULL DEFAULT 'Draft' COMMENT '课程状态 Draft未发布  Normal已发布',
  `is_deleted` tinyint(3) NULL DEFAULT NULL COMMENT '逻辑删除 1（true）已删除， 0（false）未删除',
  `create_time` datetime(0) NULL DEFAULT NULL COMMENT '创建时间',
  `update_time` datetime(0) NULL DEFAULT NULL COMMENT '更新时间',
  PRIMARY KEY (`id`) USING BTREE,
  INDEX `idx_title`(`title`) USING BTREE,
  INDEX `idx_subject_id`(`subject_id`) USING BTREE,
  INDEX `idx_teacher_id`(`teacher_id`) USING BTREE
) ENGINE = InnoDB CHARACTER SET = utf8mb4 COLLATE = utf8mb4_general_ci COMMENT = '视频' ROW_FORMAT = Compact;

-- ----------------------------
-- Records of movie
-- ----------------------------
INSERT INTO `movie` VALUES ('1', '0', '0', '0', '大学音乐', 1.00, 1, 'https://audience7510.oss-cn-beijing.aliyuncs.com/2021-09-24/34b28d5675d84ae58a01375bad4765f9fileName=1632496103(1).jpg', 0, 0, 1, 'Draft', NULL, '2021-09-24 23:18:22', NULL);
INSERT INTO `movie` VALUES ('2', '0', '0', '0', 'ad', 1.00, 1, '/static/01.jpg', 0, 0, 1, 'Draft', NULL, '2021-09-24 23:20:26', NULL);
INSERT INTO `movie` VALUES ('27853d09f7833cd30514903ba0ad9f8e', '1', '11', '2', '大学校园视频', 1.00, 1, '/static/01.jpg', 0, 0, 1, 'Draft', NULL, '2021-09-28 22:07:10', NULL);
INSERT INTO `movie` VALUES ('3fa0af7683ac9781d2d8c14140a35ec4', '2', '5', '1', 'qqq', 1.00, 1, '/static/01.jpg', 0, 0, 1, 'Draft', NULL, '2021-09-26 17:46:53', NULL);
INSERT INTO `movie` VALUES ('52ec2f1ee9bdec97abc7d2ca72446d1d', '7', '7', '4', '456', 456.00, 1, '/static/01.jpg', 0, 0, 1, 'Draft', NULL, '2021-09-26 20:40:04', NULL);
INSERT INTO `movie` VALUES ('54dba814d17118e281429b74f401f11b', '5', 'f7c637df9348cdc8164a696518717cf6', '115fc87c73b63819f9dd5d68e4b856c6', '实例我的', 1.00, 1, '/static/01.jpg', 0, 0, 1, 'Draft', NULL, '2021-09-26 19:32:46', NULL);
INSERT INTO `movie` VALUES ('a9f1c5cc9fdb8258b00cbbf33e05fc2d', '6', '5', '1', '是的ad', 1.00, 1, '/static/01.jpg', 0, 0, 1, 'Draft', NULL, '2021-09-24 23:38:23', NULL);
INSERT INTO `movie` VALUES ('f895261fe4a0d81eac5527a37bb733ac', '1', 'f7c637df9348cdc8164a696518717cf6', '115fc87c73b63819f9dd5d68e4b856c6', '123', 123.00, 1, '/static/01.jpg', 0, 0, 1, 'Draft', NULL, '2021-09-26 20:35:55', NULL);
INSERT INTO `movie` VALUES ('fa94beef9f4b67b28c7021e942663a89', '1', '5', '1', '0928示例发布', 30.00, 1, '/static/01.jpg', 0, 0, 1, 'Normal', NULL, '2021-09-28 22:24:52', NULL);
INSERT INTO `movie` VALUES ('mmmd8814d17118e281429b74f401f11b', '2', '5', '1', 'qqq', 1.00, 1, '/static/01.jpg', 0, 0, 1, 'Draft', NULL, '2021-09-26 17:54:00', NULL);

-- ----------------------------
-- Table structure for movie_chapter
-- ----------------------------
DROP TABLE IF EXISTS `movie_chapter`;
CREATE TABLE `movie_chapter`  (
  `id` varchar(64) CHARACTER SET utf8mb4 COLLATE utf8mb4_general_ci NOT NULL COMMENT '章节ID',
  `movie_id` varchar(64) CHARACTER SET utf8mb4 COLLATE utf8mb4_general_ci NOT NULL COMMENT '视频ID',
  `title` varchar(50) CHARACTER SET utf8mb4 COLLATE utf8mb4_general_ci NOT NULL COMMENT '章节名称',
  `sort` int(10) UNSIGNED NOT NULL DEFAULT 0 COMMENT '显示排序',
  `create_time` datetime(0) NULL DEFAULT NULL COMMENT '创建时间',
  `update_time` datetime(0) NULL DEFAULT NULL COMMENT '更新时间',
  PRIMARY KEY (`id`) USING BTREE,
  INDEX `idx_course_id`(`movie_id`) USING BTREE
) ENGINE = InnoDB CHARACTER SET = utf8mb4 COLLATE = utf8mb4_general_ci COMMENT = '章节' ROW_FORMAT = Compact;

-- ----------------------------
-- Records of movie_chapter
-- ----------------------------
INSERT INTO `movie_chapter` VALUES ('2260b8e3cc32426037cdae7a21591112', 'fa94beef9f4b67b28c7021e942663a89', '第一站个', 1, '2021-09-28 22:25:00', NULL);
INSERT INTO `movie_chapter` VALUES ('55dba814d17liijdnjhuy764f401f11b', '54dba814d17118e281429b74f401f11b', '第一章', 0, '2021-09-26 18:28:23', NULL);
INSERT INTO `movie_chapter` VALUES ('56dba814d17118e281429b74f401f11b', '54dba814d17118e281429b74f401f11b', '第二章', 0, '2021-09-26 18:28:57', NULL);
INSERT INTO `movie_chapter` VALUES ('85d44e9c237e175ce4e686fff70507d2', '52ec2f1ee9bdec97abc7d2ca72446d1d', '第三章', 3, NULL, NULL);
INSERT INTO `movie_chapter` VALUES ('a93d03747401009facb85bc99b25fefe', '52ec2f1ee9bdec97abc7d2ca72446d1d', '第一章', 1, NULL, NULL);
INSERT INTO `movie_chapter` VALUES ('d0fe41e99cdc2d2dfb8d0a37f0ebcb8c', '1', '第一章啊啊啊啊', 1, '2021-09-28 22:08:53', NULL);
INSERT INTO `movie_chapter` VALUES ('e05c4641c12b46fd79064e744fc12b9c', '52ec2f1ee9bdec97abc7d2ca72446d1d', '第二章', 2, NULL, NULL);
INSERT INTO `movie_chapter` VALUES ('f5829aef386e6fd31faf3f6318f16e9d', '27853d09f7833cd30514903ba0ad9f8e', '第一章', 1, '2021-09-28 22:07:18', NULL);

-- ----------------------------
-- Table structure for movie_description
-- ----------------------------
DROP TABLE IF EXISTS `movie_description`;
CREATE TABLE `movie_description`  (
  `id` varchar(64) CHARACTER SET utf8mb4 COLLATE utf8mb4_general_ci NOT NULL COMMENT '描述ID',
  `movie_id` varchar(64) CHARACTER SET utf8mb4 COLLATE utf8mb4_general_ci NULL DEFAULT NULL COMMENT '视频ID',
  `description` text CHARACTER SET utf8mb4 COLLATE utf8mb4_general_ci NULL COMMENT '视频简介',
  `create_time` datetime(0) NULL DEFAULT NULL COMMENT '创建时间',
  `update_time` datetime(0) NULL DEFAULT NULL COMMENT '更新时间',
  PRIMARY KEY (`id`) USING BTREE
) ENGINE = InnoDB CHARACTER SET = utf8mb4 COLLATE = utf8mb4_general_ci COMMENT = '视频简介' ROW_FORMAT = Dynamic;

-- ----------------------------
-- Records of movie_description
-- ----------------------------
INSERT INTO `movie_description` VALUES ('02881ad61caf91c063038fcdeac7882c', 'b21c7c2fc44498daab813ebb5cf4d968', '<p>123</p>', '2021-09-26 19:32:46', NULL);
INSERT INTO `movie_description` VALUES ('1', '1', '大学音乐会', '2021-09-24 23:18:22', NULL);
INSERT INTO `movie_description` VALUES ('15ce4faa64b1a44df58eb2d4637da969', '54dba814d17118e281429b74f401f11b', '<p>123d，你好的的的的的<img class=\"wscnph\" src=\"data:image/jpeg;base64,iVBORw0KGgoAAAANSUhEUgAAAMEAAABTCAYAAAAm7GPUAAAAAXNSR0IArs4c6QAAAARnQU1BAACxjwv8YQUAAAAJcEhZcwAADsMAAA7DAcdvqGQAAKa2SURBVHhejP31l2z3nSUK3q7q6qpql10G2ZYs2WJdXV1mzLyZeZOZKZIjMiIyIpmZmZmZmZn5gtCyZburul+/np6Z99asmTV/wp79OZEpyS7XvP7hs07giRPn7P357P2lcyGlsgrG/ALEFpUgsawCtYPDaBoZQ/PoBKp7hjC79wKJ2WV458Or+I9/9/f4T//p77j9D/iPf/83+Nu//w/4m/90Af/hby/gP/3NBVz6wd9CdfEXyLe5hfoAZyRaPYD2wQ3kuNqg1M8VdaF+qFZ5ocLHHYXOdih0cUCSvQ2c796Dq7MPVJHR+PDKJ/jhD/4z3v/nHyL52R20B7mjMjkFFR1rKBj+Bvkjf0DesMTvkTfyDeMPyOXreUN8Pvj94GcH/8g4++zQb1Ex9hU6V77Czjf/HYeff4EXn73AyvI02lsqkBIfAR/PZ3j08BKePL6KO7c/wo2b7+P+Qz5+cBnmlvfg5GYDd29HePm6IDDYG4FB3ggO9UdoeDD8A1VQhQQjIjISaq0WqtBguHi6ws7ZAW6+XnD384ZXoC98gv3h7OsJS/73p04OsHR2hpmdPZ7Y2sPCyQ0eIRHQJqYhJisf0VkFiM8pQXRmIRLzymFIL4Q6Pgu65HxusxGZnIrwuFj4R2rgHOAPJ1/uPzwMYQY9QqN0CGZ4hYXDLTAU7kFqvmeAd4QBHmEG+GrjoIpJQ0RyHiLTixglUKeWIjy5FJrUckaFErr0GkRl1kGfUQdteh0iuVXzuURkdh00WbXQZNbw9Rpo0qv5maqzqIQmrQLqtHLutxwRKWUIZ4Rx/6Yo5/MKJSIY6tRKRhV/n49TKhGeVIaQhBJGKYITSxGayM9zq08rRXFtB1a3D7FzcICD40McnR7i4OQA24d72Dg8QkF1OzT8jQj+blBiASLSiO2iWrT0j2NyfgXLK2vYWFvHxsYKtvf3caGsswuZ1bU8kDQ8dHJBbB4JkVuAuNxCZFU2YGz9CNGp+fjg4xv48U9+jh/+6Ef4u7//O4L/b/AfhACMv/m7C/hHkuDua3+P4Is/U0hQFeiKIIsnuP3O+7jz5htwvnUDWidHpHk6I5MEKPd0R7WHK3LsLODy8du4996HcPLyxiMLc/z8p6/hrR/+EKp7H6EpxA1VSUmo6lhB4cjvkD9KcAsJRn5PQphIoMSQEMEU+YwCkqCIBCgkIcqnvkLr8ldYfPEvOPrs9/jmj7/D3Gw/mmoLkZaog4+7Fe7ffg/37nyAy5ffxKPHl2H29AYsLG/D3OIubB3N4ebpgIAgTwQEe8InwAUh4X4I1wQT8BHQ6DQIjwxHhDYMQeGB8FF5w93XFQ6utrBxsoGjuyt8g4JJBF88I/DvW1nisZ0dzB2ccN/SFmY2zvAKjoQxNY9RCGNaEaIzShCTWYrYzHLEZVUgIbcCsVmlCgmCdMkIiIyBS5AfbL2d4MLfC4rSQhMXj0CNFp7BPIbwIIQYdfDX6GHvGQwbj1D4RCQgIp4ESipEcEIeIjLKCOQqaDIIxrQyZRsp4CV4IglgPcFtyKr/jgQZ9QR7PUFvisis70ggBNAQ/PJ9IUHk2WPZj5BAIUIqiXAWESSYgD88RQjC9/k4MoXHkszvkwgGki+GvxvF18Lji6FOLOax5yEhqww9w5PY3jvE4fERDk+4JQHOSbCwvoma1gFEpQuJyxHI/xmeUkQyF6FjeBoLa9tYWV3D7s4GdvfWle9fmFxfRe/0NLqmppBYUISy1nbkVNbAL0KHty/fRmpFC5x8wvHx5TvMiOa4+9gCb/zqHfwdq8J//BtWhL/9G/zdf/wb/DOrgfU7P0bEJz9Hod1t1ET4Ij81Fdq4PFy7+RC/eONd/OjHb+DDX/4cHreuo9g/AKWODihzfoo8z6cwe/N1vP+bt/DgwS28/cbr+DVJ4MJMXBXCCsKMV9e+iqJhIQFj+I8KCaQSSBXIYeTyvRyGVIQCRunQ16ga+hK1Ay9w+Lv/iefffIPTL15gdmYMtWWlMOr8YWH+MW7ffhPvvPsjvPnGP8Hc/DrMn5riqcUNePnYwj/ATQG/PyOIWT8oNFABviFaj6gYLbTGCEREBSNYzSyscoOjhzXsXC1JAhdE6AhIVoDbD2/jocUjOHi4wNbNHRdv38PFOw/g5B/KbJ2IMGMq1HFZzPhlMGSUkgAEPgEZl1nJLSO9HBnFBEVaDr/vh/tP7VldQqCNTyJJ0hDG43Dyd4dnqC+/m4SI2BhYurrjrpU1PMN5rMyexoxq6Ag0A8GqTiYQuc8QyfwZVdDl1sOQ38jsTuDKc35Wm0YyyOfPSUDQ6/5XSMDvyT7OQ0MifB/835HgLFgd1Cml0PKxnt81cB95VT1o6ZtH79gaKhsHYWA2j4zNRFRiNoqrm7CyuYP9oyMcHUsl2Mfx8yMcnx5hbXsDozNzaO4dZxKvJfhLEUji+MdkISQuEx1D01je3MXqxjqOjnb5nR0cCQlS83PROzqKreNjrOzsYXlnH0MzC6jr6ocxPR/lQzNQ6ZNYCW7ixoNnuO8cgkdWKvzq9Q/xw//8Q5KB8uhv/hZvkgzuH/4C+mtvoIgkqAr1QLQmCD7ROXDTpcPNmIeHXjF48/37eONHP8XbP/kxrD/6DRLsb6Mk0BLpdmaIMHuMhxffwfV3fwmbqx/B6/pHqA7wRENSFura1lAy+jUKx36HgpE/KRUhoe0YCe3HyOPreaNfInv4c2T2vkLdzO8wf/jfcfriX7G7vo/ff/05ZudHUFGVi7AwLzx8cAXXr72Djy6+jk+uvImbt95lvI8Hjy7Bwekh3D0t4OH1jLLHjiTwQGhEILRR4dAbNQQ9gR+lh0avgy7agFBNBLz8feBMgPuqKI00ofDw84SNow0rgRPf82Y1sMUnty7jkzu3YO3ixUythbc6GkHRqZQ0ecxaRdCm5CMsIQuRqQWISiumBK1Een4dYpOL4eQZCitWTxd/F0odNWJTkhEYpoGXKgSRcQkkQhbJZIS5qxtBr+H1ikGwIR6axExKKpE6khUJzvNIk+xP0DLUlDFqATHBHMlQ87NqZu9IIQ1B/u+FllJI2TIiM/ld7uffBvfP/UmVEeBHZjHLs7KFJRdCFZuDkPhcZv4iJBXWobSxD50ji5hY3MP06hbm1jcws7qKHmIzr7wcFU2N6BoewtTiAjZ2d7BzuI99Zv7z2NnbxurmGuaW1/iZHWSVtyM4Nh9Bcfnw1qch0MBE2jGA+dUNbO1u4/h4T4ldkUMfXr2Gj2/exmMrG3gFBCMuNQsltU3oHp7iwfCA9l6hsXsIxrhkvpfHjFBFTavHm2+9hx/94Af0B3+Hv/+7f8BHP/wBfD/5FYw33kCJPT2B2gsFmQmIKmqCsy4TlmGpMAvJgKW3gbrbCh++/gY8bl6B99UP4HPrIyS5miPB3RoOt67iHiuC541LiLO6j8YAXzTGZqGhdR1lrALFJEERK0HxyFdIIjHSu5ktZl+hcupz1M19jYnT/4bNr/4rdl5+ipcv9jHQVYuy4hSEUFaZP72JO3cvUvL8RokrV35D8H+A+w8+gaXVHWr+p/Am8H39HBiO1PzuCA3353/XISY+Ssn8migNK4EG/sEqAtyP2yAEqcMRQjK4eHuyCjjB3p0Zn9v7T81w+/FDmNnawNrVFR5BlEu6eCXzB+qTEcrsr03NYfbPJhFyKVOo85NYvmMzEBgZB5+QKARERDNINoOG3w1mhQ5CuD4KamM8QrWxCFQb4c+QiqJJzOJ+SKKMIhgppQyUO1GsKpGsKJG8bgrwJWP/NcCSCFqCWTL3+WN5XbZ/SQAF/Ock4PvnoewnnVt6B/EP2jQ+TpXKU4WIJFaEpCJWl3xWlxJkVbWitKUPLQNTGJ5dxezaLuYYi5v7WNrawdLmJhY3SITlZYzPz2B6eYHvrWFtdwvbBwQ9SbB7uGuKg11s8/XVjTVMLyxREh2ipHEAoQmUffGF8IlKh39UCvIqGjC3soGj58esIntKJdlk4r9w7Yk13r16B2+9fxm//M0HePfiFVy59QBPLBwQyguRwBNaQMPc2d2F4bEpMnUHNW1dsLO3xicfv4d//ucf4R///gd49M5voLr6FqJv/ookuIkGjSdqS3OQ0zaOkMxq+KfVwCaqEI98o2Bh74Nn128gnqY47OFDXKYHeHLpLWjcrBBkZQF3vhd44wrKPO3Q6e+PFkMmGhtXaWx/h4rx36Fm/H9D6cDnKO7bQeP0AQa3PsPsyTc4+OZ/YP3FKdYOV9HeU4XS4jioQ+xw/y71/r2L+Pjjt3D5k9/g6tV38eTJDdy/fxnPSDQnR2Z+/pantz2CqPnDqffDCH51ZBB0URGIjtPDGKuH1hCJYDHBwQHwY/iouA0Jgje3ngF+cPXx5n+zwz2Lp7jx+DHuWVnB2sMDfhodAnVGqKJIgJh0RgZCozMpT+i/mKmjM3II/hR4hIbBld7B0S+ARjYM3qFqBFDTB+kN/E4UNX4kyUECUqqG6BMRqE3ifjIIfnoJ8Q65lEwMLaWOlobUQDDrlYzO17IJSAJVCCDxLWiVqP4W8PL4+6D+S/D/tTj/vISe8knLa62hrle0fVo1Yugn0oraKXM6UN3eh3Ym2PHFTcxt7GF154iZ/QjrVCArGzuUOtTsJMDK5gaWt0yxur3J2ODntr8lgLIl+HcOdkiCnW9JMLu4gvHZNZQ3D5JwNNXxBfA1ZEAVnU4/Ucz3FnAoJDjdp6c4xOr6Ni546ZJg7haI25ZO+OjmI9x8bI13Lt7AT37+Nn72i7fx+hvv4IMPP4SNrRUSExLQ0dlHdk6jvCILft4OuHP7Ji5fugavh3cQdusdxFFjlzoICTwUEmS3jsBQ0oq4uhFoq4fgHJsLc49gqAj2LJpE4zN7XPrV+/jla6/h2ofvKCTQEzyJVk/R5O+GPnqHVm0qmhuWUU0SVJEE1SP/gprR36Jz+hirh1/gxdd/Yvwep5+9wsBwM7KyI5n5bfGA4H90/z28/95PcOvWh3hA0N+7+wlu3PgQDjS7rm7P4EeJoQryQnAos3qgB8LVKuj0EdDqwqHTyVaNiMhQROrVUPOxECCIRAgIU8HV1xO2Lk4Evi2s+F+caXzvWVrhDsPGywf+OgMComIQFpeC8ASCPyGTj7OY6bOhpyTQJxXQzKYS5FEEfAgsne3hGuBFoIfzNS3Nrwbe4WHw1YRDkxRHsCfCPzKKRNHSLOYS4BWIyqpm1MDIzCyhpskUuaPPICCZjXUEoE6Ayfe0InnOgH8OclN8R4K/jL8G+n8T8jkSTiKKZDPwd+JyapBV2ojKpj40dY1hcHKF2XyL2XwXazS1m/vHBPIRDS4NLbPx5vY2Nja3sL61iTUC/zwE/KvymETY3CPYv0+CfcoivibbrTMSzLAS9I/MorShBzp6npA4IUEmSZDB852NnpFx7J8e0kccKKZ4cXkdFxLLWmgesvDQ2QevfXAV9n5qPHVRMZs548atxzSPNnj77d/g12+9TgBdR1hwIOpaS9A3WIuOjgpUVxcjNzcbqZoAxNnfQ8KT91HieBNNrAT1JVnIa+uDsbARifUjiCIJVNIakV+KJJUXijztEUfwOD5zwsc3zPBP//RzfECv4EtiJT+zQKuvEwYCfbivBLQ1LqJ+7Leon/otWub+gJHdb/DyD/+CT2l2j0/2MTkxhvzsbPgxoz99/DHu3HwHr/30H1kFLrIKXMLtWxcpw67B0fEp9b49wiL8mNV9lYjQBiGSmj+MHiZCG6qAPjQsGKGh0vTph6CwQJJAw2pgpByKhLuPJ+WjuSJ9pLXn8t27eOfadbgGhyEiIQWh8ZQ6Canw1cchwJgEYw6NX1oh5UAeM2Q+IhNyEc/M7RUUxWphjUe2TxGkDeNrKdyq4ezjC98INb0Bs3xSMtxYIbw1BH5CGk1qMTM99TUJYKChNeY1IIpbfTaNKwGpEb1Pc6klCcTISouOLqvhjAR/nrW/I8F3xPg3Id9T4jtC6Ek63Rn5DHw9moBPyKtBUkEdCgi+ivZhdI3OUNevY5tec+/0VIkdmtmdw0Ns71OG7O1ja4egZuzsbGNLQE6wb2yvY4NEOI91vi4EWN/ZwtYeZQ/Br8Q+gz5A4jsSrGJ8eg5dgxMoruvkOS9VPIGPMZPXQapvOqX9IPbESL8UEhxgYWkVF3IaepFS245kum4Lz0AklDQivrQVTsEG/IK6PyJCi9j4WAwOd1NDreOr3x3jm//6En/4l1P88V+eY/94CU3tpSjOi0NTdgKyvB6jwPk2WiI80FGYgZKWKpb8EqRX9CKpvI8asRzhebnIjvRHOQ1xjMsj2Frb4dojB1y5a41f/PxNXPv1r6G1fIiWQGu0h9ijIToaIz2LGJn/AisH/wV/+r//v7H1Ygcbh0sYGu9EQrIW7q7PmPk/ocT5BFevvE3CXsIDGmCzJ/Q7j27A2dkKKmZ6jToQEQydIQzRiVrEJOm5jVJCFR4I3yAf+AR6w9Pfg2B3QwSrQST1uH+wLwKC/RFp1FEKBeHSjetKWDk6MltHwlOfhIiMEmhzyqHLKaMhpPmLy0BYUg6ic8uQWFgJYwazklqAb48HjGBtNLQJzO4RwXAL8EagJgzqGKPiAbxDY1lJUhCRWMDMWqWE+DE9paWOoYAyR1poaGZF63OrmNtvQU0ACwkI5G8z9vdCXv9LApw/1vDx+f602QJ4af2p4JbShmY9jmGg10jMq0V2eSsa2vuZgRcUkEqWFsBuEJz7Lyg7PiVGZPuKRKD8kM8oYP42SAR+dmtHSLBOMtC4EvxbrAyb21t8ja9zqxBG9r9H8O9yH8rzv06C7gGSoL6LlbEK/tE58I/LRSCrb5Ahh363A7tMmnsn3D9/c5ke4UJScT1ULBO5LZ1IraxHee80H48iuqAWDyzt0NrejbmFeRyf7uG3v3+OL74+wFffHPDxAT7/cgfPP13HyuowmopTMViYhUIfCxQ530ENDWbo07uwfnYP/r7+SErMRR5PWgwPJi6PFUIbgDKCPNHrGYICQ+DgpcFtc1f85t2L+PnPfoLb772Bch9b1PjZoz0zHTuLa/j88y/x8tMDPH+1jvHJDqSmRsHfzwk2VvdgYXYTH3/0Jq5fexfXGA8fMes7PYWnlwMCAt2p9b0REuqLmOhIpGclIS07CUk07vHpsYhKILBDfeDo6UhQW8Er0AtBmmC4+DjDxdcF4UZWBj21Ovf10Ooxnjm78nh94cXMH26Mg1YMLUESW9AIQ041s6M0LZYxShGTXYLg6CQ4BgTD1tsbHjTU/pQ70pbvp6ZRjtJS60fxcQTcQ4J5oVhtaHB1qcUEPHV+QQOMubWIyjGFXsB/lp3/GgmktcdkfL/L5n8J/nPAi0n+cz9wTgrT61qSTkdTrc8U2WX6T7HZ5cgsaUBd5zCGZ9YpjWlmNwjK/V3skwAnBPrJ4QGrM7cvT3B6eqS8pphXZu9zEvx57BCQJtBvSVUgwL8NkkEBPIF/TpytXdN735JAiES/sLa5jjlm9rbeERQzsScVNSCIniAwgcmHcig0tgAZxXVYO9gmCYQ4rDaUZxcyK9vgoY+HT3Q8vHUxzNZtiODJkT8fEZ3ICjDOA9nC85eH+PLrY/z2myN8/c0hvv79ET7/YgcvX21gb2MSTckx6E2KR5G7Ocrc7qMhwBFpzpZwvvcxrK5/DPcHDxHno4LeLwQJMToU6YJREeSCdD8X6Gj0wvWZcPLWUII9wus/fw0f/+o1FIZ4Y729Bi/31vAFT+jOxixGhyqRl6tCsMocz55exZ3rH+DW1fdhzmx/9/bHuHvvE1hZ34eHtx1UoV4IjfBXdL5GGwKDUYPUlHjkkawpmUmsAtHQRGsQxPc9Az3hzuzv5OUEW1c72Hs4wiXAndqeksfTARZudrDmYxeVPwK0MTS68YwEavs8xBDscbnVSC2qpxYuQzSrQHhMCnzCdMzwIfAICoULDb4H/YRvRBBU+nD4RYYgMEqNkJhohMYk8gIlKd5Bm55HiVOO6PxqGPNpdCkljXn1iDqXPQT+txIlp04hgdJjy6304CrNlWdA150R4c8IkM7PSl8BZZNa+gIUIpyDn2Tg+4rGJwl0lFwx/D+xlHOZFQ2o7hhAF03tyNQiFtcIor1jGtMTRfKsHx9Q7uzjlID/jM9PqO+XhkcxVNWAtd5hHCyvYoeG97sKcAbo8zgD9p8BXppC5fm/F2ckkGoi5BE/MT2/jPrWHlS39KGgvhdhKSVQJRayUqcq/kA6HCdW5rD/fI8VhATaPcSFCjI6o7YVCWVVcA6N5Ikqh2t4Cmz99fAO1mBgaJQM3aSR2MOLT3fwFSvA7/9ASfTHU3zx5R5OT1axvTCMBn0kmmji8mzvoNTpNpqDnNGh9Ued1hupns+gf3ILMWYP4Xr5KtxooqMoT4p8nJDh446IoHDoY3Kg1qfD1y8YZg8fQE/jOd3fjn/93Suc7G9gbLQNuTk6qFQWePToLdy/9wbu33kH929fxIM7n+DhvSuwtXkEN3cb+KvcqO/9KGOCqfVpanWhiInTIymJJE+MRXxiDLV9BEKZ7SVCIlQICPVHIOWQjastLBysYE0iWLo64J6tPczdPeEbZSR4MgkSHid1vZ8uGYGGdGhTCxGfW47YDJIhPYtyJh7+YWq4+vjB3t0dbr4+CNVqKHFC4BkUCC/qe8n2IdGx1PgEPr1DWHI2z3sRszyrRz4zb14lIvMIThJLl0cNrkQDoxG63DN9fxYK8EmAb1/LNIUYYqWXVyGByCI+FqCLZ1CGKDCkY+t7JNAK8Pk8it+J4e+kFDdRVrSgsWcAI3NLWNzaxcYu9fwWAUQzu0ddv099v02JsrK5hvWVZaxNTGG8oRVl/F/R3oFIcvRDRVgMlnuGsLu2YQK3AnBTbDE2z4lAYCtB8J+/LySQ2NpilWBsszKcv/YtCc4ItLG1jbGpOdS1dKORuK7uGGMVrUNwUiECqEDCEqXpuAgtg5T2L6WJlRVoew8XWkanUdrZh+qBEaSV16G8YxQFTUPILG+Hq28o+gaGaVY2KEH28emX+3j1xRb+hZ7g69+xMny1h1evqNkWhlDKi1zq54XcZ9dQ5XoXraGuaAmnLzD6oirYETWe1qh0sEAKDa8FTfbj138Kw6NbJIgrIkPCaDrTkUU9nZtbQMAP4g9//JLlbQGT0wPITYuHh+sjPDF/H7duv4MPPvwlrCxvUe9fJfiZ+Z/egZ01CeZiBXcPGwSxAqh1KkTHRyI6gZ4m0YDs/HRk5qQiQhOKgCBf+Ad5QxVCcxzqBz9WAGuaU3dfN/iFq/DEwRqXHz3AU4I/JCEHoYl5CE8uIGBKKXeqeGKrEZ5UwMySRRBn0MByG22gXHKnUbaDd5A/NEY91JQ67r5eCKDJ1tFXRcQkUOsb4aOOhz6lmBVEdHYZZUwZtLnMyjmV3DJLZ1ciPIuVmNIqklJISxLohAT5JAG3uhxTaGmG/01kMsQMM/Sy/SskkA4z6Q2WXmFpQpXWnGhWlcT8WqQW1iO/uhP13RMYmF7Byg7BeHhE+XCCg+MTgv6QFZkSZX0DuwTenkgcGuDRTgIvh/7FJwDONx/g5q/ewZ233kWSnTeynAMx1dSOndV1Zt4z8AuwGZsEsISQ4VsSnIc0iYocOiPAXyeBfE7k1A7xsoWBkQk0tvWipWsUzX3TyKrsQCivnYwfUrMqSMdkUV0NpRoJfLSDlY1NXBhYXsH03gFm947QMT6L9rF5VHQMI7OsGVHxWRgaHSNLN3HyYheffSVE2FYMscihr78+xIvnaxgdbMLN916Hxa9/Cs3HlDGWl1FFPV9KSVRjZDWI9Ea7ygOtns5ooDkt97BHgaMlKrwdoSP47t24gtz8Anzzpz/h889eYmN1Hv09zcjMiIa93SPKnEswO5M7tyh/blz5AJYWlDzutgxmfj9nBAW4wsfHAX4qV1aVcOp9anVKndhkI6rryzE6MYi+wR7kFWRTDuXQI/jD0soMHh7OiAgPhrOLAz65eRX2Pl7wY9b3pY5XJebw5BUjOD4XEQR9ZGqpEvE0hvq0IlaCOFj7+MDK04W6XkuQ09DSNHsEqugVYmBISUOAWqd4hyBdNCJiMxGZVIpoZmwDs7RBacFhELzGgmZm9XpoGGpKFzW1v4bAlIhkNpMKoP82mpTQ5ZAUZ6HPNoW0BEnoGVGZEjxWRQYJ+Al8gl8v43louKVvIbW4EcUNfWjun8TM4rICpj1q+gNKmoOjQ275+OgAewfSu7qLA4L1+c4BdjdoRFdXlZabmYkJZKr1CLa0x69/+UvcuPwJnJ9aQmvvjgwbHxS5hGCFwDxc3yRxTNldATe3EvKb0gusGGHxBTS5EhtbG1hfX6VuXzMZZiX43tn3zqvKJo9J+hako6y1q58EGERbzyh6h2dR29pPX5DJJFaIQGM2wuPzkJZfTs+yh/3jPUwuLuHCwvERVl69xNrLV2gdHUfv9AI6J+bQNTaL8roWzC4ukGErOHq+hc9/u4+v/3CEPwkJfnekVIGDvQXq9FZ8/NYvcfen/xmaSz9Hue0tVHjawe/OVdx9/1ewu3MRWpvHKPJzRzkzbx7NZraXPcrCfNFRkIap8W58+tkhTe8epib7kJKkh4fbMzjaP8aTx9dw59ZFSh+T5LGzfgR/HxcE+rkprT1BKk+GB0KDmf01/lBrAxHOCFYHIDQyGDlFmSiuLEBpVTHaulsZ7awKuQggWJ3d3GDx7Bksra3h7a9CoNqAAOp8P30y/Axp8KfcCTSmQRWVTO2eRsOaTfBkwFujg2tICIKi9dTyBvhowuARFsITHI/wuAT4EvgeofQaUQmIiMuAPj0fRmrR6OxqGuV6bhtgIDijpA2fEUXwRue1QitNmWcRyeytIRmUFhr6ADHBpjCRQJfbyMwv1cAEegX4ymPR/9JpRSNN8BuY6aPSyqFPLaEerqQxbEZxXRelQid6piYwu7GOZQERNfUuNf0BDa3So3p6jMMT0wA1IYEMTRBzu8/M//zgCC8PTwhEZmJm58X+EeQHaaGxcoL/UxskeAchU6VGpncok10Qcp0obVs6sbO2/i0JJKufg35DWpMY58+l1WZzZ4MkWMf6xup3rUZKbP4bEkgVWVxdYxUYRytVTStJ0NE7hkEm9K6BaYUEYawGgdHZCInNoWcrwAr3Ob+xRmk0ggv1g4Mo6+hA+8S4clL6Z2cwTm0nJ6eluxtTc9M0HMv49AuTGf6ankD8wO9+f4IvvtjH8eEKBnqb8NGvX8fTN/4RahlA9+wmKn2dYaQudnCww6Vrl/DRh7/BtbffhPPdm0hhFp5qq8bp0hg+252n5p/H+EQbsrKNCA52gZ3tfdy88S4e3r8EC/ObuMcK4Gj3hJLImgRwhpr6PSTQG+HcRlLT62gyw8NogDUBUIV5w93PidnYFam5ycgtJfv1YcgtzkFiejLySkvQ3j+AhMxsOHr7UfIFwTdUhwBNDHU+s3+MdKykkwyJivkN0SfAJ1QL14BQuAeHwz9SiyBKHd9ImlutGiqjAcExsdzGIMAQz+8nIzgujRIqGxGpBQRjOWJocKPzCMgcBquAdCjpCVZT1PN1aQFqUoAfKXJGSMBtBKuEmkBWXhdJIyCXOMv+ptcpcxTgm0KaUNVprFiMGMqp9NIWln/Km85R9I0uYmphB4vrB6YhCHsbNLO72CP4ZfjB/tGeMiDtiInxmJVAtkol4GtCggPG6twc2mjcx6pacbTL17d3KHW6UBigQ7iNC6LsPJHrFgr9MzfYX7qNPMdg5NmrsMaMfLCygT2SQGTUDvW7VINNkkHpD2Cc9w1sEuyS/YUAAnwhwXdE+HMSyFYIIE2jQ2OT6B0YQ3v3ILr7JzAysUQTv0oZWKRU8kBjlkICGZLeNjKCrslpFDV30xiTANqUZOhSk5FeUkAjVIW0ghxUNNSgoraSJJhkedzE8xc7+P03pzTFJ/jDn17gd988x6uX26wEixgf6WQl+AXcP/xnaK68jhzLm6jwdUV6dCqMGTmwVPnDKtCHZtELyQTNVF8XvqQme0ECjfbXoyAnCmEhjnByvAfzJ5fw4P6HJME7uHXrAzg5PYabqyX8fZ0QzIwfTh0fHaUm8EMRbYxETLQWOl04vGToMqWREyuMh8odOnqBnLIcxGXEIzo1lv+nCtnF+UjMykJtexe66IWS8yugosENimK2Z9YPiM1g1sjgiUoiAQj00FD4Ucq4+QbAnZUiICISEdExUCfEkQSR8NdGs0KkK94gKJbSh9UiXICfW4FI6nsNtb2e4DfmM/PnScvOd1laCBClEKBRIYCBISCPFAIw40sVCE+vOSOCafy+vCYEEQIonyVRIvn6eUuQad/liC+sRlZNK6q7R5nYljCzso2V7SNsH7xgVv+UoH7FrE5Jc7CvyJy9fYKZjw8kmPUPlRGarAJCAhLkUCoECSLbxdEJFAYbUBMUjzlm3LHGDjTwvMU4+ODW+x/D9coD5BL0QTctYPvBDeVxnl0Q5knEg2UTCSR2SAATCUiATWZ8hiJ/pMOMGVqJP5NBptiWTjPxEGdEWKYkm5qdx8QME+n0PKvBJDpowvuGpvj6OqYXd5BUXEsS5CMoJpuRBV1aAXJqGlHdO4JMHteFpv5+giGXZbIQsRmpiE1Pgou3G+ycbaEKDcTs/CROnu/TBJ/gq98e47eUQf/1v32BL788wBef7+Pl801MUA5dfuMHiLjzKxhv/4YkuIVyPxcY1Fqav0zEluWjcXIQh1+8wB9//yX2t1YxMdqD3Ow4yh5zPHrwAZwd7zLuwdb6Jqyf3cL9ex/j0aOr8PWzR1i4N9QR/tBKMycJkJQYg9jYKBhIgghWAv9AL9i52MDM5gnsPB2gTYxCWjF1YLQa5U3VqGqpQ11HM8Hfgpa+Af7XCgzNbaBpYAY6GtRALcHLDKES8BPkgVE6uAf6wsbFHr5BKhgTk2hyoxEYrkGYIVaZ7BJCI++rTWFVyIVWRmZmlEHNCKNn0FB2SIuOJqcGunyCn4ZWad0huPVSCZSMTU9AEggBovNauG02ZXfKpUhWhgh+Jiy9GhFCAD6WUEhwVgmU7J9OgvH9eD5PLmhFRlknylt7meUmME7ALe0fYY2yZYexx9g/Ov029g6OCfwjxehKC4/EgUxSER9AIpgkkLy2h2OC7oRV4OhwHzODY8gKiEKhYzhiPIOR5BGEVBpf649u4NpHl6C1dEO+QwgybQOQbB+AHDuSwEaFkbJGbC+tYkckjAJiEwkUySNZf5P+4jwUH2DK/FIBBPjblEhKiFkWH0DZtEpDPjE9hfGpKcwsUL0srqB/eFKpBIMj05jnOVhY30FZcyelbC5CpdOMJAhPyYcuswS5Db1IrmzDhbG5ebQP9KOxuwttfX3oHuwnkzrQ2tGC6roqjI0PsXytM+sf4qsvT/HNH17iT398gd9/TTn02R5enKxjbaYLXjdeQ9jNnyPmzlvItbiKqkAH1JYnY3VlGP/1Xz/D//H//BO+/OIAc9ODiIuJgKvDU5rdK3jy8BIeP/wY95n9/f1soApyRECgMwID3eDpYYsAf1cYoiMQG6dHSmo8klLioY2KhEanRkCQH9xoSgOC/RAQFoB7Fg9hZm9FKSPjbUJwz8ocVq5OMLLSpRcUQEfNHpWYQilUgNzKJrQOziKzpInAToc2LhNuKhXuW5rDxc8b2nhme1YCGa6siY5DTHIm9HGprByUPAn5NMzlCEsqQVhCMcJpdrXSiyuhDFYzRSRJIKZWWnh03JoqgakHVrK3gbo+Jr8Z0QxjnsnoCgE0JEsYs3oo9XxYZg3CZCtDIUgg5bPiB/jcQMJlFzWiqWOcxn8TK+vPsU6JojQ50sTK8AIZKry9J2HSzxI71PUSe8z8+1IFGMpjgl5CqQ6i/xmHzLYbzJgvKGVOtnbQUdsCrXMYMuxC8cnP30bA/Wfwv2GOe796Hxp3f2Q4BKPAniQg+BNt/ZFm5Yecx76Y4HFuLzHb7+1gVXp3laxv0vzrGyuMZaxuLmON0nudSVKGT2wSd+INJM7NstJiRBKJbJqem8UkSTA1O0sCLGNuaQ09/WNoozkeGB3DwtoSVrfXMDIzBX1SHkmQj8DYXAQl5ikzzpLL2hBHj3QhLiUdzV09yoychbUNsmcFC0tLmF+cZ8xhZWkBR/s7+PKz5/jmm8/wL//yBX7/O0qib17gD79/js9fbWNmqBnBDy8j5PrbiLj0OipdHmG3NhO//2wbv/1qD6fHKxgaaERSQgQ83azg5myOZxa3YP74KizMrpEIn8DW5i7NrSuiDAHQ6nwRrmb2j/RXOrj0Bg10Bsoeg04ZvOZD8KsNkQjThsPdxx1Wds/g4uOBpNwsVLW3Ia2kGNrkJKQUFaOguhZ1nd2oae1ATkkFEjPzEUndnl1ag7ruAQQb4vDMzQfeipE1wtk/EO6qYATpZORmArzD6BcE+IYUGt9sau1iBCcKCWSqYDFCEqk3U8oITpE19aZeXYbuLExt/KaIzKpmFjJNJJF2eSGBgPo8ovJM1UDMsEx2UZNUepFRJJGe8kqfXYHo3CqkV7agrncCwzOLWNqgkdzdIzgIdGbzLRlW8D2w7zKkHf/fI8H34zsSnD0neVYn5pBlH4QCl3D0ZZajJrUYUe6RyHPWQm3hjiSHACTY+SLBPQiFPjrEP3anN/wYF3/0Omw/vIVCK77+0BcD6eXYmV7C3qapiXN1cwMrzPoK4An+9Y0lrJEIa/J4a4UkoCHeWfs3JJAmUfkP6/z+wtIiZuhRZhcWML9CdUFJJATo7B3AyOQklkmuzX3imtIqLq0IoTK/gBEYnwvf6CwmoHokCAnevXQZH129jnuPnsDGge5eFYQEmc5YXYX+gT4MD/VTw23gi09P8PvfvsR/+eNnCgGkEnz2agcHu3OY7KmGzuw6MlzNMVacgi/mh/CHo2VsrU2iriaXmT+EWd1Sadt3cngEB7uHuH3zQ5reG3Dkc2urO3zfiibXB9HRIYiL1XCrgVYfSrnjT7PrgeBwP8ozFcJoSD0CvOHh7w2VOgR+ISrKNw+ERUUhMZuyrqQcbcNjqOnoRWZpNeIJ+rb+UWQWVUBLuaM2JtA0B1MyJVFKZFDSRMIrIoInKBZhcYkI0EczYqj5jTTISQhn1ghNyEMIs39YMgFPwykE0GRU8nkJzW85gV+HmALKGiECZY+BWV9e+z4JonjCowTQNMXK7C0CPYoZX7K6VAHZCimUXl0hQDrJQsIZCf708maUtnahldltgJV7fG0N88yE0sEkcuWAGXuP4NhlhpTYYbYU2XEO9r8WJj/w10hAecTYOzyi5NhDb3sf4iz8EPvQE4X+sSjQZiLSNQK5LloY7fxh/eENuF6+j3Qa4AZXI4yP3PDkkzuweGQB/6dOKLQggUiCwfhiHI0s4NXmAY629gj6dSxvriig3yD4N9aFCAy+tvFXSPBdiIfYoBeQZE0JNL+AyZlZjE5No6tvEF29w0or0fT8PKsNPcXBNivPLvJK6bOSipi0ChEQl6PMOJNBiIklLbhw9f4D/PTNt/D6W7/Bz994E7/i9te/eRvXrl+DtY0V+vu7cUA2ffHZCX731XP86Q+f4o+URP/lj5/iG1aCF6drWJvrw2BlDo4XBvDF8SI214bR0lpMGaOCs5MZnprdwFMCXkAvz50dzfDk0TXF8AZL726wJ/x8HKDXBcBoDKbZDYPBEKYMdAsO8YaXn8zQcod3gA98VH5w9fOEnbszPAP9lPH8aprt5Jw8eppsZvd+VLV1o3diHq39E4r0qW3rRUxKFnyCI+AXpoZXUDA9QDSCY6IQTG+hSU1AfgOlRk4xQqVNOVE6yHIQnJBDkJcqXe+i9ZVpgZRBQgBNpgC1Qsn8Av7vk0AZ5qC07Z+Dn8SQ9wok8zfwuZBESEBfwJAKYhS/IBKJWj++oB5ZVS0oae5GY+8ohmZWMMcLv3bAbHhCqXPCbHi0zetCs0opc8hMv68Yzu8RgSTY5et/jQASf0mAvySBxPLqJorzq2GwDoaBQE63i0S2fzz0Hhqkuahhf/URrn5IOXv1NqKsPFHlqEUSZZDRIwRa/whWjGBKYxUyn3ijztuILsqRKRrR7WlihIZ2lWCXrL8pGZuxIQSQIAFMQXMso0oVaWQigXTcyvTIJWnBnFvA2MQURsYnaIRHFBIMDE9gbGqGlYFVRcz0Pn0H/1tDWz+imMBkvrF/bDZC6QUlqcUVNuKCtZsH3vroY1y//xCPLCxx7eYt/OKNX+Lnr79GQvwSvX0dOD7aUWZpffn5Eb753Qv8t3/9Ev/zf3yD/9v/+D0ff84KcYTPP91mNppFbQN/INIFzxxobh9fwqOHV2H2+AaeWd6Hq7MlM76N0gfg7+sIDbO7XhOEOBpcdZgfImiAdXo/aCJ9FDMcIO3/1Po+/p6wd3GAnasj3P194BWsgoWTA9wDApBZUIR+noSMghI0dMmEjTEU1DbQELdjZG4F5Y1tSM4t5GdD+N0g6v8Y6kMaYBmvT4llyE5DQXM9SjvamYFLlAFrMQSqDB4LS6HJJeAjCHYlSADZajJNJNBR8yuAZkj2V4IEkFCyPp9LFTDkN8FAAphaieTzMu6+itKmmr9Xh8RiGtvSZqRRoxbV96F5YBKji2tY3j0i2F8wZBjyAXZ5HXYJ/j3G7qGcb1ZiSpaDHZJhR8iwrwBfkTwMafX5awSQ+PdJcC6JDqi5lxBLwOgcI2F4FIjEx4FId+Nj70gksxo4XDeDi6MrAn0CYHDwQ76zGin2wSgKjEFBUAwyPNTIsghE0j13ZNEXpFv5ozDQgI7cMqxOTjP7LynZf5PAl9igPFJCJBKzuJhmJcQgMzZYBWSOwdLaKuYWFzE8Nk4PMIieAYkhjHKfY1OzmF6gTFxnchbinJGgZ2ga0VmywkURAlkJJLGFJBQokuiCO43fhzdu473LVwgyV9x9/BA/fu3H+PXbv8LtO1fR1dOiEOC3rAIihf4f//MP+P/+f/53/L/+z3/Fv/yXV3xvHdNT3aioTIeHlwWu3/w1rlx7Aw9JgJu3PoaNtTnsbM0JfnuEBHsjPMQH6nBfhQAGGtiYKA2iKHFCg33h6WULN3crqNX+JEMYDbI3XNydFAnkFRiAB5bP8MTGjjpdDXVsAkpqm0mAWWq+XQxQu3aQAG2Dw+ghKZp6+1BQWY3ukTHkVlQqqzC4BQTBN5wegz4oQBuFsHhWgKZmVPb0IyavlKBsYDQqLTcaGWhGUyoGVy+ztbJNoyplnmwkiWEywWJWTaFMYeR7WhLDBHypCCYySWUwSkXgfhRdny9Do0spcxopc/rRPDSD/plVTG/sY2nvGCt7h1jbO6CJPGQmO1C0/p8BmOAX46pkyM117LBKHG5v4VRadxgbO5RDvPAil5Rx95RM3/++so/vgf8vSSCPxUeMzS0yYdBI2oYj6p4/Uu57EOSURkF6JLmGkwhhiA/SIiEwEmlOYchxiUChO58/9UWeYwSKGDG3nBH24VMkPPRAXWACJlnpsr3C0ZlXgtXpCWxRBm0S9BLSJCqtQbJVHkuz6YZ0mpn6D4QAiyTAJCXhMK9xS2cXmtrb0UrP1zs4gonZOaWVaGlt3WS8pXLsbWGd/2WC5zeefiqUcigoLg/B8fkKCWSE7gU3kuCWuQXc/GlI4+Lg6OmGO4/uwsbJGpbWZhgd68f29hK++vKEmf8P+B///XfM/l+wKuwry5ZkZhhga3sPN26+TeB/jMdml/Dk6Sd4anGTcseJgA9BbIy054fDaAhBAvV+fKwacdFqhKqY7Wlsfb1c4OfrCkcnSzyzeQwPbxd6gBB6gFCYWVvhmbMzZYwOEYY0aGRILLcl9V1o6BxBTXMvZpd3aOz30T02xdcbEJeZCUNKCiIF5DTG2RXVCI2OU2ZlhcUmIoY+obipEzk1LUgpqSUBZMmPfEWSRNOYysoKMldWOp9MRldIcEYAhrI0iQCer+lyaF4ZUdIZli9ZnjKHYDcwy8sYIxnTHsvX4vNrlHm1td1j6BxfIOhF4uwz2x8rsb5/gvWDU2wenjB7HZomnTD+ErwKgM9IsH0gQw14oZkVBxqa0VlcgbneIexvbCvVYJtg/vck0V8S4PuhNF/ye0ubO8ivpGkPSIHxXiCy7tAXOIcgKTwacZQ9hV5RqDKkIz8gChlP/JBw1w0plv5IYsYPvGqJez95G49e/wiq+3aoCEnAQkUX5sraUeqnR7yTDwbamrG2uoAtyh6J806xcxJIX8H6+joNM0N8ALP7DLP8wMgomjs6SYAOJdq6epSOsmn6g6U1qRgyDGNbIcG6DJfe36U82kFyYS09Qb5CgPOQ0dIXvEKYZYPDkJiVjapm/uHkBASrQxGXHIOyqiK8fHWA//bfvsb/TvnzL//yGT77dAezM33IzoqFl6c1pc4VpXf3yrW3cO/BRVhZ34RfgDXC1e4wGAn6eB0SE6KRkhTPiKVJ1lH7hyCUFcHL0wEulEgS9g7mCAjyhre/FxxYkWxkIaqAUJpfA0L0cdDEpSMqOReG5DxE0+m39E9hYHIZLdTM/ZPzKKtvU0hQw5PTPTmJNpqj2Kx8pBZXIqe6kTo/k5mf5MgsJtDL6QG6kUcixeRVEvRlClClR9eo6HTqdiUobUTXE9QC9m+z/hkBJM4JEE0db6TMkf4CfVYFYph1EqinsyuaUd8zjuH5Dcwx0y9uH2KJhnOdQN8+PMYODejOgYy3FzPKLWNHmjWV+K6l5hy80tojTZcycE16e/dJiPXJGVREJ6NQpUelOh5THX1YYcbcYgU44n6PT2QIxDEOjo+UTP/XTLHs93z/EiKH1jb3UN/UD7V/IsLMVJRDXkh3oryJiEaqUyhKnSNRTrOcR3+QaeYP93duw+z1S7j/1id4+NEN2N02R6STP9KDjSiKz0JzaR3KknLgdvMxbK7eQFtTDYG+hB2CVfoAzjvEviODqRKIEV5hdhcCDFICSetPa2cP2rv7lG13/xDGZ+aVls11eiNphl3fZQUQEnC/mzyXK1sHyK1pQ2hSgQL+ABlCwUoQQVl0wcrZFfctrODoxT9YkK+snOAb7I+CsnwcP9/H7ymB/vSvn+HzL3exuDSIkuJkBAY6wsb2Pu4/kHV73seDhx/j7v2PKIesqOXdFV0fF89ymWJAUpIRKSnxSE6Opb7UQR0RCI1GhWABvLcjPMQjeFnD1f0ZPH3d4eLpBU//EPiH6KGJSUdkQhbU8RnQJWchIbcIWWVVyCirhCE1k+DqRy8B0DY8SrBVoaSxCf1zcxhnNhhYWEFycRXyGzupt6VntpxRicSSZuQ09CGnvoeZmrJERm4SuFIWDUqIUZVhDNTw3CraniAX/a9IIsZfVgEDSRJDbR9NEsjMPNm30ltLqTa+sIaVXcqa4xfYOX5O4B/xohDEIjsOKUEI1H0ZmMY4Ulp6CMAzQEom/2sglfE78pmNvQ2FBAv9I8j0i0CuYxAyrHzRz+omY3MkA57uH+H58Ql2t3ewtbGJvV1p/xdyCdDPgyaan5VZW8pvKL95QDmyh66OMXq1NLhZq+B23xZqZ2+kk3AZlD+lNhEodlQj1ToQwTee4fbP34P5jYcwf0Lv5+INlUcgzG4/gaejJ8oKKpCRWQB3T3842TtBR4m7tDpDSbeqEGBHeoL/ggQSQgCJRQJ8ZGKSgB9UDHDPwLBCho6eAQyNT9EHLLNS8Lv8fzKzTSqAhAzwWyMx5le2UNzYjZAkEiA2B37RWQgmCaSZ+4JPWBgsHR3hHx5GEuTBxtkRtx/dQ0ZuBjOHMGqGLGtHeVUagkOcYGZ+GTdvv4MHjz6B2dPrzPx34ez6FP4BTtBHBcIYHYxoYygSEvRIT0+GMSYKMXEGGKK1iKAJDlTJQLcgqCiFvCl7vHyclWUNHVzt4BXgD0N8MhIyKE2SsxGVkgttcg5CohOhTkxCVmUZKtqaKGmi4K9TU+Nlo2mgH60jI8ivq6O0KUEzCTG6uonGoQmUtPWjgmCML65DQnEDUiraUNg6iuKOCcQWNlLHS0uPmN9SavUqZvxzEkhWFxNLElDLCwm0UgmyTCTQU+YIEeQ70fm1SCppQF5NK6ra+9E1No/J1R2sHT7H3ulzZvpjJcPvMQuLud0SwB0T1Iyds/E4R0IAgvmEADwRQ8vH23xtWz4rBGAIOL8jAUHM7LZ1uMXnO+ioa4HBJQiZln5Ie+qF6boO7O+SRPzs5vwy5ruHMFzVjOHaFsz2D2NjdZXfN0mqb4PP96V1id8xkZNeZGsXfd0T0Bnz4OoRCWdKmOz0bBRmFSLRLhAF1qFIIzl8blvhwcXrsLOwowLQQaOOQlyIAWF2vrh58RbCw/XobB9AbHIBXIJ0yCyvxtDsJJa2Fgla6RE+I4FUA8ncQgRlrjG1PSXR0uoyJmfmlKbPLjHC/A/99H9CAnltit5lYZWSaVskkAQl0BkJZNWKpc1tTMytUgL3KMOqA2Jz4R+To3R6SqfZhezSUgIuCal5uShvqIMuzohwvQa1TbV03/1IytTC2eMJ7tx/Hx99/DPq/ou4//Aj+oW7SvYOCvFEFEEfTc0fqQ2EThsEg0F6eA1ISU1CRKRaWaZQG6VFuCYcfiqZ3B7ErO+JB2YP8PCpOdz9VDAkpiOrqArZzGIphaVIyMtDPCM2Nw9+kZRQqYkoaa6mvJEBUIkIMmoRFhfNz+Qy63ahY2IC2TV1KGhsQ+voLPopP5qGZpFV3Y60ilZU906jYXiZZGhRmimjCW6jzJUliA3SDCghkoimVjGy0sKjaHxp8SEJMiuoHylz+PlEZnupIAmF9Shu7kPXxDwWNplJj08pbY4oaY6wdyTNjKZhCKaxN8yuxwQyY/uEYH5+hO1jgpnZ94SAPd7exXNWjOMdvscLKU17Eufg/44EBCil1B6JsHmwieXNVZSX1iDMJQTpFgHItg3AbEMnXsiKDsuraMgoUAa3lfjqUBCoRa4+hjKkkVl/+89IcEDiHbF6KM953IeUUYc7B5ieXITGmEU/loV8XpuF2SWUZxZB98wb+qeesLtERfDJLSa0AETGxCEpIQ1FUemoCIhHlmM4Qmy9MT48hcH+CSbZBoQlFKGqcxhLJPvaLiXbDo09CaCQ4KxD7Lw5dH1rDYsrC5ian8HY9AwrwbQCfjHBIoE6SAKZRLO4KitTSAX4rgpsiiHmY6kO00tr6Oc1yq/rUuSPKp5EYPjH53Gbhwt942MYnePOJ0Yxwm3vKMvNYA+aOnjAmkDcf3IdV2+8R71/CbfvfoBHT67C29cRIbJSQ5gvga1CDLN+fAIzPk2v0aBGpEZWawhi5g9HBAkQGMIKEBoCv+BgWDs74bH1M2VCuSElGRExlFc6Vhme5EQCM7moEXF5RQijjHIO9YFPZAiKGqpQ1lKH+Ox0RGeKREpCZGIyZVIyyZHFClCJ9olZrJx+ieHVfQwsMTtOraCQAE0sqkduXQ8qOidR0DCI9IpORDPTRytZvg56gvo8TCT4LkTjSw9tTC7llyxmRT8Rn1eBwvpOtI/OYW6LhvbwFTaPXmLriFLn6IQkODaRgCFt7QdCBGZyyfh7RyYSyJBlBfwE81eUSfszS+gqqcE6ySvDlA+YiYUA2wSqsqzIOQnEKO8Jcajr+XiblWBpfRUV5XUIJQkyLAKRx8y83TaM07k1dGaVINdBdTaq0x0PP/gEn3z8MSoaq2m6CXhpZj0PmXfL39vl8Ql5n+8d4bNt/of1HUSl5SGMnqq9awCzrf3I94uC2Xs38PGvP4L9M0dEBmmQZkhCNmVrsT4VTcEpaPCIZpXwR6JKjYYakmd+ETNMTKOzsrLctjJ0e+2sM+zfI8HKxgom56YY00q2lwFyg6MiiYbR3N6tSKLp+SWs0sCvi89iJfuWBDx/m9zX4toaBsan0dQziiwqAXVaGfxj80iAfIUEKnqEC0MyAGlxDh2DfcpKX5OLs5icJ3PHBlFTXwkff3dcv/kxzC3uIzDIk1JGBbU2FBp9BKJocqNE5kSGKpNU/Pz5fkQwIiPDSAKVskhtuD4SDm5ueObkAlf/QIQYoqGOSySg85GYVwIdJU9YTBb0ZGgkS5N3RBzcZdEpg4Yn3kgza4QxKw2V7W3onZpFfnUD4rOKEJtZwu9XsVJQkuRUEdztKG4ZodntQ1ZNB1LKmhBXUIv0ynbU9M6iqHkYaWUdiJNOK5pfpbNKTK+025N8BkYMCSjNobos6dEl8LPLkVHegKL6DtR3DaFvfB4TixuYpdxZotFa3z9lNn5OwJ5SukgVoPYmCfb2TYPTDmSAGjOqtOXvi96m/pZFY2Xg2AuCbGdqCcOUaQ0RKSh0CUdHXB6O5ldwongAGR4gwKRsYZyTYHuXRGC1kFjbkQ6nDTQ3dULtQTnLSlDrGYXRtHLUG9OQ5h6CqEdOuP3me7hz6QoePX4MlToMC+srPM7vyyE+JhF2Dvk7p5RBBNMSs3dnfjk6i8oxNjSNrs4hNBZVIs49AFbv3sATan9fXxW04Trk6JNRoU2DhiY46KkTctzCUeoajkLPMIw2NOKYZP3d11/g1Qv6Ila8VWZnGdKwsrXCDP7dfIFv5xGcdZCt8DhniM0ZGcKzvMZqsICeoXG09w4yhpTKsEjDvE6/8y0BzkJah1Y21jExM4umrl6U1nVSRTTR/1UgUMYQ0Q94R2dCJXKovqMN7SRAS183WTqF0ZmJMxIMobu3C60dzQqgfShfdHo1oqnxNVoNIhihPKH+Qf7w8vOEiluJoOAABAT6wtvPC45uLvCX4chhaoRGxUKbkEqgpzKb5yCZkseQmacY3kBqRmkFUmmi4R2iRWCkEaHGOMRk5qKutx8Fdc3Ir2lB9/giJlcOUNkyhFRq+gRKllgCOqGgmdWgg0a4nSCvV2Z+pZQ1KxWgvHNcIYBUgPjCJoaM2BSjLD22QoTzrM8ttX50fg3SSJyi1iGSZxwDUyzHK7xokmmURaOOCHpKmb8IAb9IoT0lKFcYQgDFhLL07xLIcmFWBdgs21vM/g3pRcggeLOe+SHvqS/KmWG3Wd7FIO+RLIpk+ZYE0uZvajbdkrFCUvqpp4UE7a09UBNwqZYBKHYOR6U3dbdzMPzvW+HWexdx48YNPHWm52KCKqurxrEcE0kmRFOCJJBOuC16wN3nPHbuf4oaPlelQ2FwJHp5XpplrSN7D5h9dBn3b903yR9q/xR9AlJCjdC6B+H6O5dge+U+cj0iUM5oVsfhaGoaX8jKDkszWB4bxsr4KHao8Te2aGS3JIvL4DlTH4GMJj0fSSrLpyyvrSg9vxJTc0wYk3PoHhxDc2cfyTCmdIqtbokH+I4EihFmyHmZW1rEwNgYqprakVPehKSCeugyKqH6SxKE6LVQG6NoRtPQ1NmGtNxMpGalo6SilARoxfzSHIpLixAeEcYMr0GUIYoyKBQ+gf7w8PVieFDn+ymjOr19veHu5QYnN0c4e8q6PUEwJmQigRoyIbsYcVkF0KWlQZ+ZQZmRi0g+DomOoSlXI1irp0RKRFhUPLckS5y09RegpnMEHaNL3I6jtHEAw/N7mNl8RYk0iARm9fi8RhKAxr19GqnlXUgqakYSGV/WPoamYerXzgm+3k7wkzRFTcqAqThm/BhKHWnGjKXUSSioYsZvVJrQ6rpH0De9jNlNZvojZi5KnG2CeYNAlladLWZpabVRQmnGFNN61oLDOG/NUYKyZleyP0EsY+CFAPPUuWura8hjQnB5YIGwR3ZIfuyGnMceKPGJpJFdoH8QEhCQCgmYofl9McrS5Cm/v8mqsC5BPb3BC97V2g2DVziSxRg/81cGu0U8dMC99y7BzMwcHgH+CDHqkcXrODE7jT1WItm3SWqdBX9v63gbB6wERyTacG07CknKQu431yUMwebOuPf+JZjfewD/sHBkFhYjL78YAV4BcLJ2wr27D3Hpyg34PXVErpca5Z4aDMbnYrW5E/NVDWhJyUReUAQqdNEYqa/D9toMVrdnWQlk4ByBzxDgS/ZfIfiFADI+aIkmXkgwMjmD/tEJdPQNsQoMYGhySqkC35lhkVdnBGCITJT/2t43gAIm0LQiJksmOllBIzhBxg/lwocKREUyXHD29oajhzuzcSjySgtx494tvPHrN/DI7BGiY40kwTxS0lMQFh5GKaRBELW9TyD/OEHuF6yCKiyEYPdCsFpN2eMOc2trOHt5IZZ/OiWTcoKSJK2wBkl55YjPLUR0Nn+YfsA/Kgra1BTo01IQyMf6tAwY0nKhTcxGFB18HL8bn10FIzVcU98CRhaOUNE2ipyaLowsH2F84zmKmoaQXd2N2r45FDYNU+fXIamkCSmlzZRFvSjvmGBFaKMvaCLoa/l+NeLlZBTWIpbaPrW4GrkVdahu7cIwDd/8JkFGbb938oLaWMbhMytKi46AmKA5N6vfH4l5Ht9Ji7OQhWLFA3ArywfKHNp1ATP19vDICJ7cf4h7V64h8Ik14s1ckHDfAW3xOdhgltyT2V771Oxnsc3fXOfvb0p1OGHVkZYmhozBX2c27KtsQgZBl2Lhg1TR4db0aw9t4WpmDYMxBtm5+Whp68DcwgIJxeMhYLb/ggSmakBzzGNfW1hCc3YZvYQGpZ46aO864ua7l/Dg7gOogkNQ3tCAJVaL7JIyeAYGwYZS19bVHb7ER7iTD3JImkoPLb+rQQ4lWeoTV8Q+doLujg00ty2ht3NGX2MlK8AESbz4beY3ZX9WCIJfJstILK2sUPfPMaNPoHNA5g73om90DJP8L6s08t+XQEICqQAS8ytLVDNjqGvtRDpVQbwkvRxKXVaCkKRCZRSpL0kQJCSwdXWFGYGrYqYvqiqDlf0zXL5+mdk+GPlF+egd6KPuN8LLxxvObq7wCQiAm7cv3H0D4MqS6OjuA1sXbySk5yPSmEoPkARtTAbiZHnxrGKkFlQgMaeE4M5AhDR/MntoU9MRGpOAuBxZQTkb6pR0qFOzoU3LZ2auQFopS1ehrOEjqx+0IKNExtQMoHd6E62ji0gksdrGaZq2XmJw6RD5Df3QpBQxs1cjuaQZRY2DzOrdSOVjmV4Ym1NJiVTNilGH1NI6ZJTWorazF+MrNGaygsLzlzh8+akidWSogqm3loRQmimZyQmQbQJFwLhLSXNIXSshsuE7IpzLFgGUiQT7ktH5WEigXCj5PRkTxAwWFRsDI6uf0d0fxqfOCL71FNujzNInrC4iS84IsLsno0X5XYJ2g8eyKy03+8zWOwdYmZpBO8+xjN0vtApGubMa7h/chQM1e5JzEGriszFO8OzRgB8ey0Qa6n2S8ej0hJXJRITzkIVt909pimkmxweHka9PoaRS01irob/nDNcndjBoo9FDPS5L+A/PzCEuPRP6+ET6QyPlcRTyKyqhdvZHtYsOVTbhlHkBMDxxgc2bn+Dmj97E/dfeg80HN+DxwByhHq6YmxzA2tr89+QPCfA9EggBZLj02NQUekdG0dbbx8zejxH+73ka3u+qwHdEEAJIz/IUidMzOIDKhhak0HdJxY+Wvh1WgpDkom9JINLowhB/oGd4GONzM2TOCNq62tEiM7AYbR00m2VlsHNwxDvvvY93P/wQdi7ucPLwg7tfKAIjjDAwc+t5smNSixCdWkzpU04ZUwRDagFBn8Tszgwv6/EksprEJSEyiYCnFNAmZyMut4yZuxZxxTIQTcbUVCORUiaJ4E0oaOSB1yEmW5YCaUJaSStqe6YxvnaMmr4pgr2Bn22g1GlV5I+0KhXU9aGNEkjWm4mjqY3PqkB6UQOq2gbQNTqPsYVNGtstGluZbsjMKoClZDF1XMkamd9JHAkhgUxQkfb6TQJFKoKM1tyfXcarzX0cyNj43V1lkvgOwSMEER2vEIJZW2kW5XeFSJti1GYW0FfVjNbSKmTHJCEnMgYpzipEP3SCwdINL5Y3aRy3FDl0JCSSfUkH0u4mCcDj5fPN1XXM9o2hPCEHGZHRSHQPRsxDV6Tf90DuE18EXjGD800zhFm7I91HjeGWXuzSz4hR3yF5ZDiE0iMt/+ssxG8ox3wsv7mFkf5BZEXEIcMxDLlOETA+ckeyOgZ93QOUK9tY3NhG59AIr3kaohKSkJdXhO7aNtQm5SPGKQh5/F62hT+yrAMQZ+mBhx9cxuMrd/Dg9kPcv29OiWaJnp4uLC/PKXMIVugLltfPCPAXJJCh0jJOqIOypkGGSJAIE/OLytLt4gOkwp6HEELGGEmSmZieUapGcU2Dcv+DaOnXIQG0MhAytZTgz2MVkI6zPFzw8PVFACVOPGVJQWkJGpqbMDA0gMHhQWTnZOPW3Xt4SF1pZWuHR5ZWcPT0VdYj8gujGSL4o2XxqawySpcymtw8aJNyCPwCGDPyEUS9HxoXj4ikJIQmJCA8IQWGDJIlq5TliYDnwQmIE8ppVotocilb4ktaqN+bKVdIAkZMrjSZivZvUEZZNg7No2NqQ5E9cfkkEMucQoDaHlS2jaC6bRgFVe3Ir2pFU/cEzf4WZc4+Ng5lpbTnlBLSknOgdFSJ7t6XDKiEqddUAC/a+3zRV/ECktmFAKvMMAMsrx1ZJXixtKmQQDKrZCCZAigkULKqAIrf2ScJZJ/7lDDiCfprW5DlGY58bw0S3YLhaWYD88s34XzPHG3FlTheJZkoRca6uzHQ3YH5+RlsM7NJy4kyjJr73VxcRWtxLdQO/vCzcobVtft49OZFGB+4IPORN0Ivm8H7mRN87D2heeaF7GCCt7lDWRtIZpCJP/mz4D6VIMm2+BsHPCfD/UPIjUxGun0YMmyDkE15M9rSg411acIUT3KAmaVVNHd0ESMFyI1OQ1FgtDJG6O67l6F76IwcaxXy7IOR7RoC12d28HT3hAuVg3tAGKKoCNbWNrBLIG+c+YBliTMSLNEPyEjRBUUKmUjQ2tOD5q5OSqFR/vYydb+0AP05CZQxQ0ICeq4xGvIWfqdQSEDlYGRC1JMAQgJNerkykE6GUwfFsxL8009/gh/97Gd46913cPXWTdx79ICZ3wFBIaEIjdBQ8vggXBelMN4vVA3f0Ei4+kdApaWckWZKgj8yPpMEyKbJTUJEXAp1vHRo5SJQnvN1TUoOTXAeZEXlBAJf1ohMpFFNOjOqsQR0tJhVmtq4olbEUgLF5PE1gj+aWyFDXD5LGnV9BknTMb6GFH5eFoRNzq9DYW03useWGYtoH2TpHJvH+Dxlx84h9l9+hv0XL6mljyl7TrB3emzqsDoVcFK27G3gYIch7eYEwtoRg6SQ5kwJqQS7YiRJiLmxSZRFJaEqPB6HS+vY3SJwpKLwxJ+T4LwSmFpdTBlWFqmVQWltIg2feiHHLggOF+/h8sdXcf/ufahpLscbO7A4PI62XMqbcB0MoaEYnxljhZHRk5QK+zI2niRY3kAuP2NhYY9bNx/g8rVbeMwMq7fyROpjL4Ref4owjwCo/NTwt/aD2sIL6YFqDFTUYoeA2iGppNNuTyoX//MWJdcGwb9+wMzKc7G9v4nevhGkhSUhm1Io0yYA6a7BWBqaUJZLkeVNhAzTo1Ooo6dKDImC0TEAPpfNcfOND3H3vSuIvGmLLDMfhQS5zsHQewchODgUIZF6aIzxaGrrws4OEwQlpUyuWaGJ/ZYIDBkpKiGGeHJuTpkl1tzZySrQyyowhyUZT6RUAR7L90gg6xetb2wqQyxkkk1zL0lQ10gJXgODdHbKfRvSy6BOKyEJChCUmA9VPCvBWx+8j7feZ7z7Hi5euYwfv/Yz/Od/+iF+/c77KJemyYoqZcaWnhLGJ5jGx5gEjyAtggmGlPxKJNPwBrCsy9qb2qQMqOPpC2KToUnKUm7Ho2cZMtKQyDh9kToyfj6eej+ecidBmixJhDh5nRFf1II4IUCBTDcUEkjPrrTkNCj7iJFZViWNqGkfQTZ9QwYJVdM8yBOzQ8CfUqueYEPG35+8ws7pCwYlwCnNLbeHL6mJT/j4mJr6BYkga1Fur2FhdBgzfb3YXlrA3hYviJCAxlRkkrT2yOpoh5vMlOsbGG3qRIGnGs1R6dhaluVASIJNAokZTTp7TCQw+QKlRYeEEDJIpZBFo1ryy5Fk6UOdHQI3GkSRloG+KqQHaFGlSUB1fAbSvEOgYoWIDAjE7Mos97GpDC1YZeySkKv0FQn5BbAPCoGzKhSuQazKvkGItg9A/GMPpLqplGbLcHUCPDw08HjqhghzR2S4BqI7owDb1NMieY55rIcKYUVqSaXZIJC43VtHY3sfdL5R0D/xRMxTd0Q5eGJ+aFRZIWKDFWW8bxjFPNYY1yBozNzgdvkJHr1/HTbmNgix8UQ6yZj72FfxBFl2gUjz0yAjNQNJaekoKi3HAqvZ+iYBvCWrxtHMbqyZSLBhikWSYoEkmKO5HZ+dZvYfRmNbG3op2+dIjPPWoL8kgVwPqTAy42yEMr+FpCmsJ35yKug9qVTSS6GhV5U1iEIS8hAYl40AxoUf//zn+NFrr+EHP/0pHDzc8P7VK3j93Xdx4+Fj1LR1opg7SS0qpcbPhpsqAjp6AG96gRBjMlIKq5BZVq+M73EP0ZnG+cSkUftnEuw1lCzM1gRrfDGlTWEDwU3JQxLECQm+12QpRDAFpRCrQYysxCzspUeQQWkx3BpZccRD5Fe3oLC6mZp0irrwEK+++CNOP/s9Ng+fY/OAJFDG4R9gixp/l4DflcWjXpzggBXg5PgYpzSJLw6OcbDNst/UhrwIA7KCI1GbnoOdmXlmf2ZvypjzcfXS5HYknVPzy+jIYCV76oFWSroNllxlFbUtApwhBDivBAJ+ifMeUJFWC4uLKEvIRIq1PwpEMwdEIS0xHbkJGcikRMq09UehF8HiHgLHOw+Qm5HOKrSJvSNmuNUlPGclOuIxjw2PwZiYikCtQVnVTlrhMqJTkWijQgy1e5k+HlUlVYosdQqPhoWLJ3ytXajNPZFl44fW6EzszSziOTPmCf/bASvNNqvMBsEvvmaL1aCioRUerio8uXgXt994B9WZ2VidnWHm3sIE5Uh0qAZJgRroKLds37oB899chZ+jF/RhekS5qJD0kH7koSfSLHyQZa9CQXgs1iifZC70NuPg6BiyGvTaxhbBbxofpBjj75OAMbe6jNEZgpnSsLmjDWMzk0rTp1wTkxE2+YBzUywrUJyTYFRIwORW2NBI7JSQBCXQpsl8cHpVetdQVoHA+BwTCd6/eg23Hj/GzSePoE2Mx40nj/HO1au48uAhNXYH8msbGU2UHqUIMiTCmF5AzZ9PwOfSdddSpzdS7hQglP5AgB8nJoTAjaVc+TaY5WUbQyLEkggKCfhcCPBtkDAmIvD10gbEk1yGAlmduRx5jW3oHJvGJCWI3OlklUZvS3plT57j+OWnOHz+khmeUkeJ47M4UrS4rIkvRNg/OsTzw2N8sf8c890jiAoMx8OL1/H04k2EW7qgMMSI+fpu7PBiSe+u6GepBDIxRSaHL/WMoojZMfq+M0bbe5SZS7JwlLJ4FMkgnWF7UgW+B/7zEDk0Mj6GLAI0S1ZjsA1BnSYNK6Nz6K4h8Qmc1Gd+KHfT4umvLyGUvmt8bFTR6quUQvMDwxitb8bG9BzmSFTpHGtq7UPnwBhmZ5bRy/OZ8dQf6ms2aMwu4HdnkFPRjMDYTLhERMKZAA187AwjwSlj/bMD9eguqcZUVw9Wp6ewQ1MqK4rsUSrtbq2hvKkVvhoDHN3pMVQqbDD7yrBmuSXSxOQ4Av0C8NGb75Ikt+B9zwZ6W18YWYkMNr5IcwxF8hMvxN93RSx9ivGBI+pis7Ewu4BVuRMNgStkkOZNGdwmUyXPSSAT7yWkdUfO7wLNscihhrYWdFLaTC/MKa0/5yNLV6WKcJ8Sa3IdKE8VEiySBJNTaGUlKGlsRjJxKsPajdlyf2Z6ARJAplb6yzpENMcXZMlwn7BQeIYGIyY7E0+cHHHn2TOYuTgjr64OuTVN3LYivawOkcz0RmbDOEogDUkgN0hOLWuCOlXG+uQrg8viS6jrCWrTMARKGqkCfC6vxVL+xDLLx5EMAngBfyL9gMgkpWoUUzKV1CO9qgmlnb1oGZ9C/9IKZgnGdWUsDjM44+T0OR/LwDRZHOoQR7JcIEEvsS+S50wCfUcCPubnlgmg8tRceNy3hu31x/CwcESEF6WEdxjSaf4GUsuwO7mIwy2SgEQQHyCtJ6JdR2m0M575I+aBE5aYFefWl5RSLiV9nWVZ6SjjZ88rgTRrnpNg9+gA41OTyI9LRSozYxFJUBOYgI3BWTQXsdpRqqTx9RofI0JtXNHM7CUrsskwgjVKlCGau7a0XKzQMyzyAq8sbWB5cYsGkL89u4au5FLkmQUi4roNhts7aeC30Dc0i2SawTBjAnxUergTpN5PPBDODB1n7o8sZ2ZoersyTTQaU7MwWFuPrcUlAn4JWWUV8DXGICguBlVNdTSis/w/Ij82WYH74adRw9zeEU8tbHHz6l1c/eAqrr1zGU8+vAXfW1ZQ33eA+p49gq5bwu/KE0w39GBtmWBXSMAkphBARngKAf4tCSTbKySgMRYwt3S2Y5BJQZk3LDPM+J1/QwKGkGB9bdNEgokptPX0oaKxFXnVrcgsJ84KZbl5qQJ5xGuRMqRaGUpt4+4G5wBf+EWqEZ2dgUCDrLMZpHRopVdWIb+eO6lrR0YFywqNbZzcVDq3HGqSIFkAW9FKw0tSpBQpFSCO4FbArgSlDTO7vKaEIoEE7Aya42QCP7u6HaXN/Wjsl4kwc2gbnsXA7CLmaX5WRF6cntDcnuJAJoYcHOKYwD89PcWhdGRRB64wO0yNDGGPJ+2AZVJaZaSTSoYqCwlMcULCHKO3uRMOd59Sczsj2iUIGf565ITGICOI0sQxBC3aTOwSPCesNjIUWWZlKfN0WQnaWUoTHrkiw8EfB3LxmKGlnXplaxcyE0xWdFM+SyJ82/JyRgipBDNzs8hPyUAidXShVIKABKx2TaA6IQeJDgEkRyBK3CPRIr2sU3NKK4eQapMmvSkjD2XaOCwMjBAA0qJC/bvGY1xnchieQ0VwPPIsAqGj/l+apY/YP8DS2g46ekeQwKodHpMP1+Bo2Dn6wf2xKwwPvJDMbbK5K5KsvRDn4I04nyC0kggrlG2V9U2IychBZmkp/dY0STBHcK5hdnmRRrMe3vpYOIfq8MwzAA+snXDtvjk+oUm/dfsxbpMU9z65jbsfXcf9D6/DEBDOarNI0EpnFjM1Y4XXSaqAkED2ew5+xRswFlkBZODb3PIyuvsH0NnXhxma+mW+JvJphdfaVA0oiyRIqnUSQEiwQYm1tLzGpDPL746wivSQyL3K+qtppfUwUlJrSAQZSBcsUy3jC3Dh9Q/ew4c3r+PuM0tEJMThoYMtnjg7wDkokEAtQQFJUFDfhmxm57icUqSV1CKDUiWpoBJZZFceQZyQWwU9dVZMThUlkeh9yfaUN0o00AAzw4sx5nup9Ai5tfQajb1o6J3AwKToQOr20y9w9OJL6ufnNGt8Lq0zPFmHBJAMRT6UTiLJ/qwIsk7mMUF9vLePic4e1DCTLfUPYZcncFcyL8mjTFRh9pdKIBXkeP8IYx0DMHqGIltlREdCEfIob9KcQ5HuFMJKEIr68GTs9U/hdIMSiBlLWkNkuz6/hLKwOMQ/dEFjVCr2mKH2JFPLSd+R/gQTCURCKR1nJI+pDf6sKvBYZhfmUURgGQlEaUevC0lGP89Hum8kQm/bIOGZL/Kcw9ERlY31wUkSmlWFwJH/khOiRX1SJlYnZBIKsx2rz876Do439jHO85/npkYSTXFeZDxWCRxpApbJO8v8bEv3IKJSy+FHcjnQI9g6+5MIzgi5b8ewhR+rosONx7C9+wRNtQ1YWyHIVjYxNjGH8ckZgmxdabZcpD4fmhhnlZB7G1D+JuXCLSIaHupoONMPWvuGwiEwAtY+Kty3dcIdMyvYO7qjpa0LizTzWzw3Cgl4fVZZ4UwE+EsSmAAuFWBhRW69NIPWzi6l51f2ofiHszivBqb5x6YqILHJhLWyKgtzLWFwdBodPSNo6RhGVUs/MSyeU4bNVyrjxmS1EJU0kVq5udDUqqCK0iEiPhZmjvZK2Hi6U1dWopAnpqK1E019QyhgWS5leRmWob/DUzRQvACUSfEZhYhipowlCQToEvEFtUo/QFIhfUNxPbNKg7IwbMfQDMZYyreOPsMxDe2Lz3+Plyef4/iQ5nX3AEcHBLnIHMoLWT9HIcC3JKDkEUAfnSgkeMHHU63daIhOxwy19R6rx97yKnYXV7DPjHBE0phGcR7gdPsQKwNTaKAeTHOPoByIQJJXBLMwjdwTT2UgW21oPHZ7xnFKgMnyJXs0ovs8qbM9Q8hwCUGihTematoxRMmxPDKBXfoHIcmmdEBJ1ZCtkECJ70ggPcbziwsoy8hFnGMAMki8qrAk5IXEwO4Taef/GDpLD2S7hKPCLwZLLYM4ZCbfk3b56XkkuQagp7ACO9LjLC0iPK69Vf4/fqaRfsxg5oaIh47oqm0hODZYPfaxzQSwe3pM4O2hsXOIZrAE3rEkQkQsHtq74dInt/DhO5/gg3cu4cE9cxj0caysh1hcIACV1hvxN/s0m9s0mjLQbUORKCOzc+ifXUFN9zB06fkIic9AQHQaPHUJcAozwlkdo9z5KFAXh+zcUu6LwKZOlymkqzSvQgCFBNT2f40EEjJNcpbSrH94BO3dPcq0StnHKv+bzDUW8EtHmvzX70hAryHB67W6toW5hVWMTS1wH9OsCJNoIBEKqWhSKyjFWRGkEUYGUso4ogs5VeUoaiBg83NR1d6KxNxsRLIiqOOiUdZQT8DOK3e7P3z5CmMstd2DQ1hnlhINJgc2NjGN3OJKRGdWKCM4kyiDkkT25FUjIacMJfzh7iGW1EUZ4y2zrT7D/umn2JWZV0enOHr+AseUN4r+FtBT08tt+qW3VcbgmwggIQQwxfERDTGJsEtp0FdVjyZjOroT8tDK0t/MDNWcVoAB+pjjHUoUEmtlegFT7f2Yqu1CXVQmSvyiUadKQpk+DRnu4ShiZs5iRi73j8J2xwhebsp6PqaBZCf0B4282FH0AjnMuFujC0jRJ8HoHoyh8gbsUqfKoDMhrLLez/dIoDSVSts+35Ne0Jr8EsQ5ByKT5rjQxwCH609w/+Mb8LRyRJidNxLsVMi2C0ejIY/mfQJzQ1Nop9/SPLBDU04h1piNpa9AVnQ+IriG6tuhd/KF5fvX4MV97IpMEpLw9zdZSWWw3c4eybB+iM72ScSkVcLPkAV3bSKeegfDjlLFyT8cobp4NLcPYI3k39hgtl4nUBnrTCSKzua1luHKQvZlPp9YWEZBdT1CjfHQJMgcDxkYmYsAQyK8IqPhrY1BdGoOevvHlN+XXmppzlyX87BDAG/LqFxTCBlWZQYZDfl5JZBBczNzC8oNYuROSdIDLMdzTgKFLEqrkqkayMK8Ms9Chplv8jhX6AvmF9YwNSPeYBH9lNly55rCujZkUtGkVbeQDF2U5m3KioAXuieHMbYyh/y6cjQPyGrNA2gb6EYlDdHc2iL2nh/gxRef4hXjkIZTMpp07X/xuUy6f4Xn1OyzC0tIzKukRKpBKs1tdkULK0Y3Bli+51ma5EbNmzwZeyfPcfD8JfX9c5wcPyfQDjE3NY3qkhLkp6ehq7EBW5QNz5k5T6ntjw93FRIc0VhKVjeRgCTZO1YmfSz3jaA2OgV5/hr437WAw+XbzOihqNUmoy2rBJtzlC3b+xht7UGZIZV6Ow9FqhiU+ceiJTwDdcZs5Pno0BCShCwfDYq9IrFOf/KcYBISHNAXHDGrZAdEQnebQIzJxdLCBsIM8QhyCWQlCUVreg5WhgZxwAu5z3IvLUTSUqQQgHpeWRGCF18mvlcXliLGVYUsWxUy7UNge+0R/D18EB4SBi97dxidQpFkEcyKoEWpPhOFsRnI8gqH5qEdBuqbTVMPuV/ppDsmCdIjDHh27R6cLGyQT+m6JwMAKcNkbrGEjDaVdUj3tlgRVvfR2jWKGPo35QbXzN4+UckIMqQgi1V7fnEXy5RCOyL/BGwEmADu/J4BsoyLyDqRNHKn+Qlq9JGZOYwyZBjDFIkh44n6xyYpX6YwObvA45Wm5mPlmKSZWBngti2Ap8Q6I4FUmFWlGpAErAxrBPeSSKHJafQPDmNyelbxQQoRlYaI7+IvSSAhQ8xXSJj5JVmZYpXHsYKBUZlTMIgy6eehesmp70RaVSdklqGsJXVheHES0xsLrAL16J7ox8CU3JVQBiu1KzOX5H6vz2lMP//yJX779SvIxO5d/pEvv3ilxOefv8TLT1+gb3Qcda0d6KR5G+MJkIwhHU4H1OQyElMGfu2KPheDSzAvzsyjID0Lbs9s8PTmLTy+fBn+1rbIUEdivKkFxzwZz2Vs+4lUA1NmlvblfWlpaR/EVFM3sqlF4519kOFJQNGE+VvYETRhqAyKRmVkIsaae3BIEvTm1yLHVY3SgBgkuYUhx1OL2oB4VFKSFAXQHxhzkeUfiXzXMCzXd+OYwFeGGIiZG5tGgo0PdI+c0VfeggkSy5CWg1BNNPxcvaFz80JmaDi6SsuxxKy1y1K+J2SQ/gYhAC+89BbL+pvN5TVIpCdJtw9CpnMYEvzUaKMJzS0oQEiIGqHuoYi1CUeyNeWaZxRS/XUIMrNFYkAI5sfGlUophBKQbrEKG7RRcHZ0RmSUgYAU/S7SS+QZScDrpPSicrtNYIhcW+b3+senlIlJ+czkFc3tBMcAhifnlZlZcvdHmd8rPmCN/soEMIKfodxSifuVdnkZqixb5bf4+i6zvFRNkYMSxwTjMa/XCa+XNGZIg8Heicyv3uJxMLjfZf6GDG9YJeBXWOFkoaw1EmGT5ndZ2vknJjBMLzC/KEszCgn+nAAKMRlyjNKSptznjL+t3LaJ8mhpfYPGeg3TlHZD9DetfcOo6+hHZStNcmMPcut7kFjajPB0VoKmgTYMzAyjpqMezf1t6BntwcB4P5o6Gmkqt3HyYg/PX8gNOZ7jd79/pWTnne1VfPEZifH5C3zG+OLLT/m5Y6V3VG6Vf/Kcml0kzbGQYJfZQMbpmEImmczPzCIqTIN7H13GzbfexeP3P8bTj6/C7OJlPPrwY2g9vDHa0oaX0uO7v0lZxKpAnyDNogKqloJqFITFwOnGfXg/eIqiED0SaPgKI+OQ5R2OVLdgypUAtJTX4nTnEM2xeSh0jEChh46ZOASqO7YodIlUVkwo9DegM6EAWQE65DgGoy+rDHvMIHLh1nhBRurbaFq9qcuDMEEdvEjJUN/Zj9jsfAQbDHB2cYGvgxMiHT1RFBqNoZI6ZfjDGi/kBi+wXFTxDbL0SWcNpSIrVQENcL6rBmPVbVhnFe0Z6IchPglBrDhBtiFQWwZD8ywAwc/cYX71JtrrapUh1kICyXoiUaT9PCY1BdEpyWjo7MAqAbkq70kFEBIQFNKBJItPSTOt9DzLjeq2GSYNTqATPCJzNljxTLdRldldzK6UJrJitKz8ppDgjAASAnqpCjJoUG60LWCUm3HLHOV9Pj6U/yoykiQ45VYeSwLb4W/tScfcxipNv8isTUz0j1LyjWNDzhV/TybVbMuQiQVZXnEcE1NTrKDnLUHn+v97JFC8AP/DWchxnfcmr4qXoYyapUeURcS65S42/SOQm3lXtvYhp7YbcUUNJhIEaIOQkp+C5LwUxGcmwJhkQEZeGqrqynji1r8lweckwddfP+fFZFbbXlFI8Bnj1ackwxcv8eIlJc5zMv/4CEcyTocyZp8ZfP9oRwGxMseWJ3GZJkcXEoGrv/kAdtfuI/ipPeIJWK2TJ4IdXWH/yAy2d+4jkRJheXQUn3Nfp8z+x6weJycnLOsrqKLUyQnSI8TORblRXJZ/BKby61AQHAWNtRvMLt+Eo609xim1nlM61VMHFztrUEPZo3P0g8MHd5FlF4xUAi3VKRi1hgwUhsZQjweiRpeMNco48SjrPIn19APRlu4o1SVhZWKe5ZoAoIFs6O6FITsbvkYD7Hx84WnnBqOlN9JsVMhTGVBJb9JaVIX5wTFs0KgLEdrrmpDiG4Gcp/4odojAGE22DMeYW15EXnE5QmlavTy0eHLPCdcu3sOd63fg4+mOtZUFnjuedwJNMrqU/O6BAZTWVKN7eJg6W7Q2wcoEc04CBawkjbTtS+LYJhlkKLhpArpkcpKDn93hdySUSTvKZ01TG8/X/zQRSAy+iQSmIQqyHyGNVAi+x+/K0jHHJOcRDbVyQz+S65BGVdZKFaIvE/B9DQ2YmxilbNugmthBTUo+2ugbtyZmCX7pfFzHFq/vLKva+OQEZud5vs8kz18SQUgg78lWiCokWJbqxf8lkk0Sgsi2maUVjFOu9VKidQ6PoZVKpZr+ML2iTVkuJyy1RJZc8YMxJQbaeB3S8tIRlxqnzB/28HbF8Qu5cfY+AX7MjH9C+UNNfkaCzz87watXx8p7n37GivDZK5wwcx8LCRhSBWRMvcxd3T8jwTYPuraoDNfeeo+g90WUgw8SPIJQrE9AbWo2xhppXKJiEGjnCO/HT1GTlIbPmXlPmalEQh0wdqgPSzKKUEk921dSjYZ0ShnfcJSFxzIbe+Hah5/A3skZyTnZiqHfoETID4lGnmMoin2jECFjW3zUiH7shvSnvoi39sV4ZRurCT9DmVJHEqzwhAng1pnJs2X9IzMn9Jc14Pn2gTKUWtHMlEwt3QPQZebBLyEFrsGRcH3oDP19T6Q8CUAaM3qicwjifSLQWdtCQm2goaYBRh5rmkMIvC49wXhHrwIwaTWZmF2EXpYMN2QqM578ZUXshAR0Dffxwq5BJr2YzLZJckzOTmNFgEApssyMKEPDv18JzquB0llHaaYMxxaQS2WQyUF8X3T6OQmU+c88FhMRTBPdlVBAZqoEyj7lN2lelfsI87e3CPwdGujTDVZrmtG14Sn01Daho6oOa1NzCvkLUjIQ9sQeKktb9Le1Kq14MnylIiIR6S6svvmV2CFQd0SOrSxjZmZauffAMqvC9wnwl0T4PiGEBAuslsqkGmm0IU5kOcY5VhnxLJ2Do2jpHaTfHSUJBpR5J+rUUuX2rhcC1EGIJfCzi3NQWluGiroKlFWVoKq2HK8+P8XLMxJ8/tnx90iwyud8j68/f3FEgrykNKIkkp7bI+nJpX4/I4FUAiGBDFUe7OmGFbN8kIUDCeCLYDN7uN56DM/Hz+DzzAHpgRp05JWjPiOPJ8wOGhtnbPeO8gQzwxzIb9NT8IK30+WnB0WiSBuLchIoh8DSWLrg0bVbcPKhRi8rwQwzyhbJuEBvkRtkQJmnDsXU/wkBajz94AbCHzkil9WgUZuOjb5J1BszFBI0sSqsMzPJcIjRvkEYHX2htnDGREuP0lKkzCFgptlZZTZb26duXUBKcT0C+D1vmmwvC28E3HdF0F1nBNNHPHznKoI8/DBGw9jU1I4g72BWOkto/UOxyAstI1rXCdxlmvHW/kmEZhXDhwkhIi8fhe3NmGdm3pUlWkgCGZYt+luOTSaRS8aT5tBNgniNoJTJQMo0UAG/AJfvy+hW05ggE/ilGnyfBMr0UH5fpoEK8feY2fcIql2CSoY6n4+NEqBvsmqt0O/NtPeht7gG5fHpyOQ1yIowshpr4HHHDPa8njpbL2QwAdRpUzHe0ou0mCSlJ7wsPgVL1Pk7vCaL49MwmLN6MnEU+Gkx09iBQ+5/g9dtbmFemUzz1wgg8ZckkNfEJEslkCEX0tEmISSQPoc5RtfAMBo7e3mOR+l/hxCbX6/cZCUoqQgXKhtrUNfWgJaeNrR2t6G+pQFNrY3o6+9hRt9ntt/HSwL9C4UE0mNLw8vM9BkJ8uLlkUICMcdffPGZcit/U3s+SSDyh8DfP5LsJe22M0hNSsCTK9dhpJnV2XjA474FwqycEWPvgwhXH6jNnZEdHo2ypExo+Nz7kRUGcstxvLSGE5JAIQIv9ChZHavWoSIrHyUxySQBTeV9G4QHBqG2tYkEWKYRO+bFPsAqM3BBkBEZ1PsRFiK3LGBtbgW/Zy7IdovAQkkrDgnkhvhs5DFDt8XkYHVkGhvL62gtrYHKjIR18VdeO9k1VQIlIzPz7u0QfMyA/ZNLiC9uQWAUjb5vJKws3PDoriUsHj7D43tPkJ9fpNxKqLmtBxp1DAL8wlBTU2eSGkICAnCd1W5xexcdEyQkpU7v9DTmmNU26LOkhWmXwJVWJ+k8U1aXEwCILFGaQwX8MnFHjCFf47EpwBUyEMg7fLyugJ/7ElBzPyYjSSLw+8ocacYpk8w2ATNLwCz0DGGqpRtdtY2oyS1CsTEFiWF6pOnjWL1DkEdjH3rbWrkHQYC5A/QkvOO7N2Fz5wn8eS3CbtsgxTYApUGxMHqoKHsdUBadjJ3pWWxQ87exUjheugPX924hip+t8tFia2RSMckyn2CeJJAWNQmT/jeB/a+RQGSRNK1Kb7NsF4VIy0vKRHvp45Cq0NLZQxL0o7F3DLk1nZAbHIYkFpMElENlNeWoIhHq2xrR0tWGJmYfmWDf399LacMq8HwHnxLsn396iM8+3cXpiWSLdYUEz18c4jkN8BdfvDKRQO50yAtiChmEJr22UjLX0NHWBAdrK/g7OitZ3vO2GeJ4cqq0ich1D0dNcg4SnQJh9AxCfnwacg2JiHKldg43Ym96XgHg6dGJMpxBBpEVMlO2NTWjSD7rp0GmWwg6m1tp9jaUoRIHyhTCPQXMaSodgh7bw/LyHbjYOUFvjIbeLxS5PpHoSy7GUmMPagypygT1dmMONoYoNWYWkZ+YAfPr99FYXoNNZn5ZQkV6hk3SQTrDZLtHKbKHnsllxOVWITg6E57hMXBjpZK73+jiEpXpgOv0EX3Dk4hPzERmbrHSrCwTeLbpm2TapKycvEZQK/OQ+VxZk1RAKVWHr8vYfyX42HTDOwKDWV6aTGUSkKy3KQZXMYcEjUIGeUzQKEsw8ntKBSMgTPcMEzljIoL4DGl2XRmdQkKUAf7O7pSr3sjwDkeCF5MHq2zkfQf43XuGSDd/qO7ZItvcF3EP3RFu5wN/vm984oaIG9bwtXWD3yN7PPvwNkH+AGn0XSkOKuW2TvmhUVjvGcYWZVJBXAqcLt+D7a+vwP9XN2B87xGaE7MwSy+wSACbZpYtKwD/93zBvyEBs78yOZ/EEZ81OTuDGfoKWaS3qqEVtbIiYfuIMno5PKUcwYklUCWV4sIHH3+IOw/u4pmdNdy83OEfHIjwyAhkZKbjlBr/xfNdPD+VW7WuM8Mv4+hoi0AkCSiHTp8fKqGQgHLoUFp/eFJNa2VSwzLTHXK7R2YXJCXB4f5DpDGDW9Pwhdm5oyYhEwtV7eiKycX+wAwqNElIj4hGblwq2gqrEeMUQNnkjYXeYRrcQ5wcHrNUi7lexlD/APp7elFG6ZDrr0WdOonyRIYeHyoD1mQ1COk4WqUxSgmPQuBTRwQy+6cb4llF9CiIjEdWgBapXmE0xdHKHRnzWBlaNOnY7JnAytQC4uVm3Y6OGKNs2eR+tymvtljllOXOFRKcBQEoy7B0Dk0oHYSG9CJltG16UTlaKak2pHXk+FRpsmvr6sPg6AS/c8Rj5D6lxYsgFi0vPanyeIe/IXJFxsRsb8uEHWZzanUZEiJAVoZwE+jKpHkhjgBeqoASO1jje6aRlZQzUrEW1xTgLdGky6rV65NzCjGUplapbPze0sQMcgIicelXv8EH776L2xc/geONh7C//hBBD+0QfdPRBGj3MEQ980T8LScY77gonXwhvEZRT9wRSwmosnZHkJUbLD65h+tvXYT3DUsk2QUg2t4XBaoozNW2Y39iHumsKr43n8L67auw+9mHCPklFcI1K8UfLExOK0SQXmEBvVQDkTvnZPg+AeT5eQeaUgXke/z8Agk0Pj2lzEqTxbdKKKGLm/qRVduLqNwGEqCMVaDURIKfvPYzvPGbt/Cz13+BH/zoh/iP//Cf8Pf/9J9x8+5tZfjszvYSJcgmnh9vkRCbSiUQEnxKY3z6nNmZJJDWoc8/fYkDXhRluIFkGbkQ6ytKs9neHP90cAS1tQPinH1hQxKUpedguKEdK8396IkvxHb7KGpis9CYVYKsKOp8XTzNbjzCbN0xVN+mtDocEzRCgv1dlm9ePJFGgw1tKAiMQj1N1smWaa6wDFhTZnMRWEsLi8hSRyslvDIqjR4iFXlhMdA5++HWxWu4+dEVBNq4IcEvAmkuISjzisJSQx8WRqeZCLJRT1k4vc0LQFJJZlYWwDoHvxL8ryIpSND9k5dY2tjDAkOWWd85lRltz5nh+V1p4j3lZ0ikvSNZo0gW63rOLH6saPpzIpwbWyGB0j4vLSbSVMkQQiiTd3hO5fGmtNczBOwybODo+ITGch0bBP3eGs/P2p7Sc95izIT+qStsProB79vmaNCmKJ5mmSAT6bTGx51l9Uh74gnLdy7D0cYWtq5OeGBpjg8uXYabmR1SzHyQcNMF2ntO0FLLpz30RDKrgdyNRsPqrTd3R8o9D2hYGSIobz3vWcPqygNYPbKE8z0rxLgEIt9fh6nyZhxMLioe4ZEs4HvlFsw/uQmv39xE1I9uINXcE82F5ZicnFKMsZLlz7bfJ8L349teZIZ8R6kGMgx7ZpbqpgflxFk2k216dQ/iyzqVO4GqkipIgjITCX7wzz/Ca2/8EpevX8Nv3v0N/vGHP8APX3sND8zNFY1/csISur1MLyDA32G232S2l0pwYpJD4gm+RwK5QKJBt6RXcGNJMVhL3TRHPkFIdg1AmJktqrJyUZaZi47sUnQk5iPLJwJVBKdMDh8sa0QjX8+ids5wC4OaJOjIL8cBZY10vmwzg+0wRMMK0QYa25HHk9vMC7u/IqNITQQw3aRin15kCdoIPTQqDbrquxDNrH/v47t4QjA8c/OCsyoYPv68kJQvqbJsCbPdYn2fUgmq6xswR2O6xmqmrAFK4m2ztIp8kFaa7yoBM/3RC0oebvdoMplZpYn14ISSjFl9h8ct2y1pIaP8kUwvJJDV6zb2xbvwv0gF4L6U+40pYQK7DNSTcf57lJS766vYYYbbZXWTuceKFCAJpMVmcW4RealZsKEHcblniZyQWMzVdKMiOlVZn9T9g9uw+OAa3G4/QbStJxbn5/hdaf3ZxuriKipSC5Bs4YuwB3bQ+KngHxoCVxW34Rp409jrzD0QcNkCd3/2Hu787G1EX7ND7D0XJPtHwhgQAY0Zq+xdVgN7P8R4BCPSwh0BDxyg8g2D0zN32D2wYeIJRD2v93zXCIKpBOwu34fZY3OYWVrh7jsf4/Y//goXf/oGbC2fobm1lUA2VQKZ230O8v8rEshjqaBiimX90urmNuTVdCgrh0flN0Jf0Iyg1GoEJJeTAKa48M8//yne/+Qi7Mj89y6+QwL8DK+/8yHMrB1Mbb+UP4cHlEJHKySBtPJIeV7FV799pZDgxQsa5i8/pXF+RenDiygtCiyzsqLY4saiokWnK+qQ7uqHJEcfaO4+w2R7N3xdXJHgHwqtPU+utRM87lkg2MoJDYk5GChvQA6zd4GHGuEP7dGZlI/d6UWlaVDRsQxlyDL33dvYhnyVAe3RGcoQByGHjHFRFsyi5JhiVtTHp6C0phkdfeO8uFEwt/WAO0EfW1iG1Op6RKZmICBcBzXLdpxLKJZ7JrG9uq20LAihTJ18BDX/n9JjLpn/LJQqwEy+L1mYJFG0NkPMs/SUbytVSWSPtOKYsr0M7d5kBVhhyBIvUtlkXdKTjR2cMisfyaw1msf5gUGMNbWiuaAItTl56KmsRllMAjJDIrG4MKe0hiitRDTd7UXV8L1rhavvfoj7H95A+D1n1Piyklo5I+qmDUI+fIjAS4+pza2gDgjE3No8VneFSFtY4LnNj85CimUw6jUp6K5rUJbpj0nLRimvhbtXADO9F8KuWMPi11fhcdsS8SRA0iN3pFFCGQLDoX7mhtzHPkizD0SUvTcizF3ow5zg6egHXz8tnBwCYcPXdEFRaKxohPVjK1y7eBVPnlrBydMbFpY2uHntJm7fu4+U9AxlGXaZL2AiwZnmPyODEOH7cU4AGXohnlCGaS+vb2KEsq+2pQ/5LQPQ5lUjIrsaYVk1UKVWIFAhgFQCkuDDa5fx2NoS4UYt3vv4ffz49dfxwfVbcPMPVFp4Do82GTSbR8s4fSXalAfCE/jlV9JBdoSXr07w1Vef4Ut6Alk+8JwEsrTe4uYiL/oOulNzeXI8kWDtgUwrH/RW1cH28RP4mD1j2TSD1jsAdrcfIN47CI00yNNNXSgxJKGAhllz3w5N+jRsjs7wt89kwlnIgqs9NDz5KiM64zJxskb9q5CABCEJZB2hxY1d5JXVYGhmCT2jszBw/zIkvLx9AMOrOxjfPkBRayfCYxPhSdNXXVLLzCgyUFaKIPAJXjkP34/zdf3l/fM5B1KBZOKO9GqbKgWrIo2vaa6yNEHyfVaMPZlgLgTldpEZeHVuWVmId761HzMNXWjLLEJNfDpyI6KQHaqF2tIR4Y9sYHTzQUV8MisjQc3MvLC8oJR9mea5TOmWHxKDgI8ewer+Yzx7Yo2Au05Ive+DgGtmCP34CcIumyPitjXCnzqgoaJcuTZrlLXS1j8yMI5o6vUYC2+00Y8tTQ1hcHIY5TUNyErIg8MzV2juuSL+gReCaJBDHX0R+cgZIdyfxsUX3o7ucHlgBdVVC3jz9xxum8Hq+gM8uXIPlpZOCNKlwDskDq6sGhGGROSX18DZxxdOvn4IioqCryYS7qFhsPHxhrc6Au39/ViUIRU08TJSVIB+ToJzIvy1UEaiUoGskNhzK2sYGJtDU/c4spv6SIAKhGaUIyiFPiBZvIBJCikkuGtpBq/QQKQW5uDmg/t45xKNstV9RMSG4uTlJg4og4QI+6wER8/lNjrLWFyawRdfviABjpUe469+ayKBdJ1vk4VyrylZHW1pa4kSYQe11PdJzBQJzzzQFBCLlrJKpOuNNKu21OqByKZcSdMZkOilQl9pNdbHplCblKWsVBBy0wI16gRs8ELLBftWLzNECnTVkwRBRvqKbIUEAkoZbqwsnkU5tEV5Mitg29zD4soWOmiyZyibdp5/hg1q+I3jF5hZ30JqUTEiM9IxSi25IZmbkkZ6uJVbpCqdfaYOPwkZBrIvFeKMBApZSICT56d8n0SQ11gNZL1/SQprNPLSa7y7QlmzuoXhgWHUFlegLjUfLRklyAsyQPfACSGP7GD25kV4XX4Eu3evw/HqPZi/dxmhD21o3PXICYxAiIUdOipraBoXsE5AiLZf6p9AGhOG4bYDQkgWX98QmlN/xFx3g+rDB/C7+BCqGxaK3o908cZ8/wA21hf5H6WlaBcdnX0I8QuHioRLC/BDV10xBrtaUJ5ZQDBbwI6JyPuaDQKv28KTcsnB0gFWNx/hxq8v4vIHn+D6tTu4de0urr17mVLzFp48fApLGzt4+KsQl54HXZosbZILdVohKnsGEc9z7avXobClCeVdndCkpiIoNhah8XFIKy3F6ByTwgqTKON85Oj3M/6/F6Zh2euYJ4FGZxdpiOfR1DWBhLJmhKSWkAAlCEwsYhQzpGWIr1EWXfjRr36Oi3euIiLeCFsvOzxyuQ3rgNuIynTHwfMJgn+Vhmsbx6cbJIXMqZVmqHl88dWfk+CzV6fUsDRlrAAihWRVscVNIcE2KsKNSLCkZrTzwwxdeTf1Xm9FDfLVlDGpeUhyD8BETx/LqDsW+oewTiNdnZSBHGcVgm+YoyhAi+XBcUVqKL2gBKeQYZm/I0MRCoKi0Uet+YJAFz0uTYPnTYCyQoPcnWVvh0DlezKwa5PlVenLEJNK0O7RtA5OTaJuqBeTlHorJLMY4AN+XySedPR9SwA+VqTQGfiVNUf5eG9zCycknHSo7cyvYE1uKNg3QplSqXTQ5WsTMFLTjmVKsgBKlJs/+Q18rpohwSUIqSR79A172H/Ic3/xDvSPXBF08xkc7lvgmfkzeBCcoQ/toL5jDaOdB/aWVyihaIx54TdZ9se7hhFPGZdo7o2uslokxWUg+FkgIi87we4XH0N10xK6R45wuHQH7tZ2GOztordZ4j52qJ+3CRSSIDIG9k5usHl4D+42FrC/+wAPKH1czFwR7B6G629fx8evX8SVD6/Dzo3yxc6ZEtpLuSuob7gWbsHhcAmNQKg+FipDDPxjopFeWYnVvVNUNQ3BkFVJ0PehuncQIXHxCI2Np9/aQ21HN7JKylHb1o7uwWEsiGGX3l6CX9r3RRL9/8v+3w8hgEjYkek5Xs8FVv45FFV3IjSliIAvQgAJ4J/wXQgZlErww1/9BNeeXoMmIwIOoTfxyPtNPGZokhxweLrIDEeNekyt+mILL+kJpKlOIYFSCY5IghPFE5wcs9zvSasFL4wMhiJZFjYWFONYFhKFWDMnpDv4Y724Fbv8g115pahl2e/PLWMWC8b8yChyVdS6w2NYm5tDuXSCuQUj3tINleo4bIzPnFWCHaUZUMiwzN/pIAlk4nhleCwzrayYwCogGZhE2N2R5lwCmeZPCb52JGNwlBYXHucOM7M04UoFo2FdlXZ4eiDpnZUlFo/5+UNWAsUPkAAyr0Ek3/E2Qc+LtTYzj6XxacwxuzUk50Lv6otQMwc4XrwNt+uPSO4gpLio4PnRA2jvOqDUJwqdxlzEWXkj+PJTShZrgtUVsY4B0N20g9NNM6gcvHmufBB/n17J0lm5SbmHt4oVwA2p1NV9hZUEyAqWtpdZaZloWLnqq5vgzfdDbttjvLoFzUU1iHYNR9B1Gzyh4fSjV9DctYPqkS2itVrMrc/zGqxA7n8sE3Sau0mC6ET46OPhGhiMR/b2eGRlDz9fDSoIohhmcT9eQ09en2BdHHSp2VDFJCIgOh4J9FXRWfnwN8TBi+DW0UeEJaXAmJ+HLrmr/BrP1c6naO2bUkA5PL2ATlbCMZ67LfqhheV1TDNrz80tYYoafn2dRl3O7Zp4gbN5Df+LlUAm/UzMzmKAfkJuk9XcyypAQxyUVEgJVKwAP+AM/N9VA5Lg9Y9+getWH+BZ0HVcfvYTvPPwH/H+w5/AV21P47uJo8NNAnwHz59vEfAy5ZAHtbZAH/CS7x/QFxzis8+f4+SEeldIIONNCDIZgLW6vaYMpCoPjkLcEyck2PpgtqIFp8yYdTHp6Mktx1RFM1pjczA3OIpW6vXNyRllSHK6fxiSKJXCKIfqjMnYnl0gwJnhZXwLQS5DZsVvdLW2I4EmNyEo3LQGkFQACYJeQsn+fH5AnSjTNWXYgNwpZut4V1naUIZ4SAfUNEE1sTzDzDrD72zgxRENP7P80fYW1peWsLG8jKHuXmRGJyAvzAg9PU6yZwgy/TSoo2dJcwqG9Sd3EEET6vbeHdh+eAsunzxAjLUXQi5bIOaWI+JpJIv9o6G39ITxE1saVkcSIBBGe39Em3kiLkiPmLBoJDiEItc+FKWsHoU1lfAP1yPUxhcZjiEYK6mHrEYt9yZYFhIsLdO81sLdO5gkskOshwp6H39Y37wLcxrP2IhIPrbE/XduwJw63ajTK1JVxunIyM7tbXqCsUmk5MjqC8lQxaXAXRsNj8hoZU5598Qy9Cn5CJC1jJi0Uktk/acSxOXLEppVKGvrQWljOyqbOlDf3Y+uoXF08voNMRvLco2bO9JidkSAbinZfYlgVfQ+K5Ay6X5zm5l+i2TZoPxhNud2hSRYXeN/ZMUWcP97BFhRqgU/y+u+zM+Oz0xjkAQYnaMUmlpEUWOPcoehYMogxQvQA3xHAHl8ZozfvP4a3nv4U7xv9gP8/Prf4h/f/g947YOfIEwfjJcvZBrjjkKCFy+28dmnwupNbKwt4rckwcnJrkIEqQoyvmibF0cyrOmGCzKljmDln6mIiEH0UxdomfUGimtxTLY3JeRgrKwRU5Ut6EsvwWz3IDoyCrDDkzfZ3IFoFx/UFRRB99gBPdnF2Fta4ckkgBUS8OQS4DJisKu/D+EaDQrLiiiPNkxSiaCWDiTpPVVackgCmfUlox1lZecNVi1prZFxTtL/cMQLMcXq1j85hMmhTkz1dGGSZXq6uRVlBH2RPg7jNS2oS8qBzUc3EfHIAd4X6ZseOCDZQYWa0EQE3rCEx0Nr6AlEDTOw15XHUJs5KwP0dHcckPLUG0l2gaiOzaY5dUPQFWZnamztI5ka6YToB27oKqhDJgkVZx+CYk8dAV+L8ckxRBqS4G/tDT9KpKwQPfr7u7HG411eWcQSvUZ5XYsy+d2ehLJ8bIVbN2/hypVPoAr0Q117Mxw9Q/HQwhXOnirUtXQowNuWMVAEj6yksUaP1NU3jJgC+qIsavfMXCTSvDaNTWNA7vXV0IGSxg7UdQ2iZ3Ie7SPT6CPIhudXMU0fNrW8gYU1ApHnUiZQbcgMr7MQT6ZMCeW1kCZZ0ywyU9OuhGmwm2nA27KQYZ1yaFXIQKL8Xxlhfkf5HmNmUe5sOapM9plaWkNL/7iyXm14RhmCU8UQM5LPzbDJEAsJJC688+CnzP4/wq8f/gN+dv0f8JOL/4R3r7+DhLQEvDh9QRLs4fR4j4TYweefHSrZY4N6UkhwLDLp+T6++vqVIouUGzJTBik3XiMJpHlUViyr4EWMdfaDztUPLVnFOJ7nQTK7TLAKDORXoSkuC6N1rTTDmViTNehZYtOC1ViYn4XG3BHT9W045B+VSmAaU88gCTZJgu6RQcQVZGOIWVwme0jTqVQDUxsyMx2fS6vN+dDbWUqtifFxyJKKayy/q/1j6C6uxtyM3JikH42lxTC4uUPv6IqquGTYv3kJQdTu6QRwvrsaAVfMoGFVi7hmBe1TV8TZ+iLbMRSe7z9ArFcYdNT2/h8/Qeh9e5T6GhHzxAMRt+wQed9JmcBTE5mGaHMv+D6whe+tZ/C8/AQhN2ygv2qPhvgClMTmIdyC1YNESw4Jx+LsDIor6mFj5YKbH12H+b2HKCov4v/g8a8sY50AbOkegh8zuJs+Efb+ETBz84JraDAqW+rRONLD7J4JL00iUgqqMUZQr2zskgTSnE3ZR2m3u71PUG0T1AtooGlupFwZpJlfpFyZpZFfpNda2T1i9XyBlZ1DLG8fYIVhWuxM5g5TSpJMyyTWqvREy/lnlleGcUjweknC+nYa5ZaQwRTK0ivM5gL+JUofmQwjk21MK0v8r5FA5iSPz8woN/NeJJHG5pdRQuJq04sRJiNFUyrOSGAKIcCfkeCjpz/GDadf4brLr3DFgWH7Du7ZX0NyZgw+fXGMkzMSvHq5jy8/Pza1dqws4csvSBCpEJRDX//+M7z89JhAk1vxM8Qg8w9L85aAsTQ2BamhWmRTd5bEpuJoeomAz0ZLeiHa04uQT3nRV1wDg48K7RXVyDHGoTYrD+NDQwh8/AybY1M4pn6VxZ9k0Nm55JFWmEUaoea+bmyfHiqm95gXVtrb95gN1qfnscLYYWYZ6x9ESUaOMmbFz0KG9TqiI6cUnSmFSHDyw9LoGPoGu1CcmoFEZ0+0xSSgzJCAREtvhF16iijq7VQLX4Rff6ZUgNjbToiy9Ua0vR/SrfyR8NgL9UkF0N12hO2vr8Pn+lPEPXCH12/uQcXvuH/yBAYLb2TZU+ZZ+CHE3gd2dy3g8sAanret8eyNa7C/R+MbEQuHx/a48s5HsLaywPjICPomZhEalwiHgABEJsZidH6SF576mf99b30X01PLSMwrh7MukVImDa7cplXWYHxxFgV1ZcgorEFOUT3aekeYsWmo5VzKEGipBlskA4kgsmidRJA5wZLB5UZ4K3y+zu3W7gFkXrkQRZ6vbcnsLVPIyhfKxBxejw0C30QA02NlmUR5LllfQK+03phacCRkOqWJAOsM06hPCSGBVIL/VRLI0izTCwusCKwkW/toY2JL4PkITshFEM2wCfwkwvfinAgSF35y5e/wo8t/i5/e+lt8YPMaPrD8GUnwPhIzwpnlN1kJNkmCHbx6tUcDTMlDcC8vzePTT09xTDn06ecn+OaPX+KFVIIdAk+IQBKs80+b1shZQ2VqHmrS8tFf34qUcB22hqZQTDJkR8agJDoFzjcfIVtjVJpJM2mutMEhGO3qRm1OPuK8VNicm1cMqQzz3WYlEvN7wAvyitlImkU3ZxYwQ08xQfYPF9djuakXtbEZ8LpjjpxgHdZ7R1Gki2eGdUKik7+ycnPwLSukOquQTS3fTOA8Z0YdGe5HIo8j2swRjYFalGjiYXzsioirlgi78QyxJIT2gRPU9xyQeMsZGfQ6Ue40rXdtkedvwHB9N5KsA6C+6wQPZnind27Dg5Xj8TvXce+963hy5SHuXrwDs5vm+OCDy7h9xwxRcWnQUG/7+4QrpjKLRl8dlYDQcC3yKkqUzqyOkXFEpKQgNCEOOZWlSqODSE+ZxilLr2ws7WByYoWA70J6aTuqeyYpU/g6q+UipevmJuUfM7jcIGSTfmhhe8VUqblvCWWUpngfhnQ0rUnWFqnCayi9r5J0lFlcTICblC+b3MpNthXNTmO+xuwtHYViss9DPJsSsl+pAMSBLLB1HucAN60jdBbiByS+fe/PSXBOHoVAUkXOSKBIKB6P3MVyZnkTJfXt0CTnKytOByaYWoD+OgmkSlSSBJd+gHef/AJvP/k5fm32I7z9+J9x6eFbMMSF4vRUFoBaoSfYxMuXO/jyqyNKniU6+BWlaVSk0KvPjvDb332K569OeLI2eAJMpljYLxlijwdZm1+N+rQSzDf2Ip/VoCo1B3kxSeitbkRhQhp8bZwQ5u6D9Nh42D+1QHSEBr0NTYhw9kBrQaky20hGpO4T/FuSLaj/KhIyUBudhtHCWtRx637rCaLMXZS1L9vUqSjxjkQQwZ5G4MqN7FJs/aC9Z099Tmny6wdKB1I4JY3MKWjTZ+F0idp2bAI5iVmINfdGX1gmWuMLKWOckWrpjygbH0Q6+CLMzAUB1yzg9859GHzDEBkSiXCa0aa8KvS09CKURtjl7jM4mNnB0doJ4ZR1Hh5ya6sguAeGwZXhFBAKu8BwhCdlIb+pE7rMfETw/xS39yKPiULu7ZZEbT4wOanMjuoaGUVNezsaujoxPDOJdRp3uV/ZBquinGO5e+MiQT/J6je5uI45ei4Z2boh2Z0gVCqneCL6KZlUI5NrpAFDBubJ7Z4kS68pUsWk2c/1usT5iNTvD1pTQoigbIUo8llqflYXZXtGKJFA62c+QAHv2Xh/U9ZfVUKqwApBfC6JZJK8iRT/FvxSOc5llBIkpBL83RVulQ6y8QWkFzciXJo/42h+EyooeUwZ30QA2ZYp8igkjWSgVLrwD7/+B7xx4y28/eAtVoEf49Kz13HT4hKSUmLx+SuZyLKO56dbNMBbePlKhuAuKeb30y9ojGmKX5IEX52TgCf3nARygraUUruFRjFWCXmYqGxFW1E5/G2dka6PUWYgVecVITIwGMZwDewsrGBj9hRqTz+khWjgeOchZodHeDKZtQ53lfZ4mbc7NzkNg50Xtbo5YszdkEiA+n9wD47v3aRcsUS2hQ+KrQKRfN0e2iuWqPbWQ0dJIksoZlr5IuGiFYw3baH6xAzxlCidMXk4nd/C7Og0clJyobf2Q70qGaXhKYj5/5V23W9V3XnaZzM7z5g2ye4kmWJmJjN5MkYTY7KxZSzRqIld1BjEAiIIIlgAGyIqakSqgqBiwYaKBWmXIr1aosZkZya7+9M+u3/Iu+/7+d5zOSCZkv3hfc655577vae876d86/xVDHuWI+LTJVi9NAIR85ZhycRZ+Hj0eGyMTcTm1B2Io3gvX7+FU+fLEb8+CRErohAVs4HedA8tfQoSUpjsktTxDLUS0/cyVt2NhIxMHDl9AcVMPr8sOY0jJ8/iuuYROncJOSWlKL1YTgHIvfPlMjy4TUOgSWoDfLaamtGBBCDRAiRBLYVQx9AkQCg+b6AIvGVNZY1tlBjfj4WTRAt/L6PVyPJcnC4ERWCkZg5lRFYFg0IahkL67INNBGakd7Ceq7avrcrgNTIycCEQye8TQWjgCwlv5A9adcEj/2AR2FxFLFMwTxUUQQMNgZ6B1kwoPHMFCVp/YAtFsDULK5Kzg1bf8wIk//YjiN6dh5j0PBPDsJ/+YThefPN5vPTmSxgx7mX8Zvy/YPK8Mcg4mGwDae72taC3t4mhT4OFR23t9dZWIBH03OvAfeYJ3/75kROBrAwvsIkXK7fZwgRMAzjOll/Hzs27kJeagbK8QsydNA3RYcuxKTIGm2PisWrpcsya+jHGvTcWCfQCa+ctwRKGCqvnLbZpATUVYSNF0NzRbrVNZSdLsX7KfKxkwrp85CQkTwtD7OiPEcXYeuVbk5DwwWwcmLES+8aHIeJ3E7GF4Ym6DWia8czF0dg6aQGtfRhWTJiJ6Flh2B+7FR2VtKBXGUPvPYTIxRFYMyMMS/84B4V7srE6LAKrwtcgfuMmxCduxoboDVgdG2crq+cWlyDjWAFqentw8so17Mw6gi0Z+5B2KAsl5y4gMysXRaXncOriZeYuZSi7XoHSq+U4e/0aKvmCb9MC3tbLZzjR1nuXZCbxZd0VX7e7wTKa61Q1X2YNRSyS101f4qodNXpOv7PfyioSTgjyBKpJU8jDUIaCUWWFgz6L8CIoxSWIcEY6R7B+yz40vPjf+6w5Rt2+E4ATVrBsoo5hkPMCmmzXQYvvWTJsIc0/KAKJ1e6VBoD5zVWGxZl5pxCbehCrtxzASiW+JL/nBVYTa2j5o3ZkY8O+IsRlFFAQFMF7c17Bu7NewW/GvYSfjRqOEWNfxPvTfovd+zcyGVatUBu6uuuJAO7eZwzaFjAR3H94F119/P5RN/79L49NBBrMLfdqbpJWrIluWQ1c12rqsYsuPzEyFtm0iFuj1mPpjE8x56OpmPrBeEwbPwnTJkxCxJJl2LdjF9YuXIY5Yyfi2OEcltFkbQ0agtggIfDl3Dx/CQlaCI4Jauby9dg9dyXmj3gXmz9aQLJPw9oJc7CF4U/yuIVYOXYGYt+fZTU5a2cuQuS0eYiYPBuzx0zErPFTsXjREsQlbUJroAUVV27gQE4u1sRvwPLwVfROCai+VIkdO9Nxruwijp5Ql9wjSGOukpmfz1iY1qe6Dmdv3ERNZzdu1DWgjKK9UF2DmwGGhB1a9VJdu3ts0Etrd6dZ8PqWen6mt2ytJ0kDaLhTh/rGWoYWjUZYm4tH1pQhTAgksMjlhQLalxWtFqFMBPwchI05FoGVxJKUTgSCatbkzXlM7T0SAImpxreaxjoS0pHUQhSRkc96AEIkH1oEIfD9uxDIL4AAy3UT7ep/NOO04DxCo8GEYF5haBGEwqDg/TvwusiPauYSZ5gXbtufh9jthxHFeN91le7PA9akZiOKOUD0zlwkHTiBuD35iKRXGPaHyS9j5JTn8fbU4XiPYhgx5gX8fszrSN+3C0+ePLDGsp7eRtz/qhlfPWxnHFlnInjw+C56lBM86qMnoAiYGCvm9ESgyZLqJQLVIrR24lhxKRLiNtjIpaqycqycNR9fzPwMqxcsxtbo9fhi7nykJW22eYgmjhqDpXMXIMCHpFqgNiY8Vu2pTml8uU0VlUievgQrR36ExE/CEDebVn3KLCz/YCqW/dsMLJ25GCtozZdPnofp736EpGVrsTEyHjOnz0b40nAso+dZ/kU4UrftwKaM3dhz4hiTxh7cpjs9ffUqkvZlICFtF44XnURF2RXk5DPZJsE1R+ptErSpuR3dvffRyoSzjcl5S3u36xLd3IXqtg7UMAxp4DlqINKkY+rDpHmXbN0zLcbXpRibpGioYo5Fo9LawN8GKHgKgtDzM9Ir5jeieQRzQrAYntuqgMhLgvA7R3x6ggEicAQ1oyTw9x4kAHVtkQi8dQG8UKVfBP0hymBRDCC9wfddUASqDTJvYOGQ/scfDjnimycI4oeJQB6oDTdqG1Fwqgxb9uRgQ1oO1pHcq71aIXqCNSR/1PYcrN2Rg5i0PBtXEL/3KKJ35TEcev05PPvzH+P5X/wYL/7yWTz/6nD8/u03kHkoE/c0G3RXM7oogp57DdZ3qKVVnqDJBtX0WmLchyffPrTaodYOWR33wG0BhgY+EG4b77Tj4uUKbE3dTvKtQEpMAlKYIBZs24VDSVuwl3G0RLH8k7kY/9Y7WDD7MxwrKjIiaP4YPVglefIqTfV8cOUVWDZhOsb9bjQmvT8BUydOxZSJU7Bs0edYERGNmI3JWJ+0DdvSDyAqbhMO5B5FMkOUVQmJto5a3PZt2EqSn79yhclnBcqrbhtx5I6riYrqWrrW20zOeO0NJABfUDMJ1abGn1ZNeeJaQVtaSHBCraLWSKQxxyS8C2PUWKQRYl1o66BQeO2uT5ODQkZvbp8mJahmmflydVyE0la1YQqHSEarZuRxvXh7vtw6QjhC6jnZNkhEPxxJvd8HzwlZ6n5iCi4ckghESm2DtS9GzoFicATkVtenBPkpqCOlmzcoRGhB/0UDZ6An8NcE+RPip6By7J6DFTD2HFroCVugRdcPHS9D0p5cbGC8v25nNomfZSHQKoZFsv7r048idncBNu4vRmrOOW6PIyGzBMOeefYZPDP8n/Cj536EV3/9Gl59/VW8/e4o7N2/D/fv36UIWtDRw3CoL0AhyCIHmBc0kfwUQR9FEOxA54lAnsDdNB8aCaS+Hw1NdFdUaq5mW1ifiM+XrrAaofiwz7Fm1lx8Pu0zTBn9IcaPet86jO3es9dmCKjjTTrrxodOi2jzWfIlXGHsvXJtNBZ+sRqLwqMRFhGLpavikLRjP3buy0IhE86sYydw9HQZihm3l9fUofjiJRRdUEPQRZReu4rzNypQS1Jo5mZZz3oSU0RSYqmVbu4Q+j8XQjDBV8xOAbSR7E4I2vI8Qt2iLQmlSDRW2ARAqLVU0EB2DWxXWR4862xJJsUu9Fs3wgyAniUNj1rBJRye22/JeQ7J4Ce3R0qPpCHoGM83BI8560rSBa2skVPwfXbCUCMWEbTUQ3kFeQw1RHrwC8FNquX2Q90fJC6RfwgB/BARVDJSKC2/hb0FZ5C4J89mnI7ZleNEoEYyiiAmLd8EELfnKLZ8eQrbcug16A2Sj5zDsJ8898949oWf4M2Rb2DOws8w4re/wshRI5GxN8N6WrbIVbdXobO3hiLQulmNaO9gOPRVD8OkdhPB109c7ZByAlcn7G5SjR5qK5AI6hvbcOVWLXZ8mYOI2AQsWrQc0yd+jEljJmAc8eF7EzF/bhi278xA+fVKCqCVsapell4siUhyiYxq1NFS/ekFOdh/tAiZ2YU4nH8COYWnUXK2HNdu1aA6oJd2x6rMRMh6eZDOTtSSDDV8cEIDQ6uAiEZyKpxoJNFE4IEk5pbfKRRzIpAYdB1M0El6oUnkV/ijRFQi1X8FW0ptzC/LE4lDsbhHZF6DLL+rXnTwXrATgT4rR2ihgXlAz8OyeP1ufDGvV+eJWPabIMH9kLAHEdX/2et3EyL9YPAdeiIIhS3c94SgMjQpswM/+8hqYggS3+4xuG/XK/jO/UcQ+j3L7BdBK0OhehSdu4K07BPQ2nha5y5mV67F+wYmw7G787GeSNhbiO3Z55CSdRopR85QEKcZDr38PEa/8xZStm/CorB5+NWIn2Pk22/hIMOhQKCWcTnj1tZKiqDWPEF7ZxM6OtWZzolAg2oeUwR9D3r4snlRsi56eHR1bqC0rBmtFIWgviEXb1Ui9XAWolPSEB69ldY8FnPDI7F0dSwOZB3FrUomi82dtM5tFIFcNy0zyadJnpRfqAGmmQlmNUki0omIWplFna6aSUQNGjeQeOrm7JLNOwa9EHW/bqLHUqih2R3qBZYpqDxtTQC03jaA3RMBvzMR8P9MBIz5BeUHJgIloRSUYni3oJyg/eA1q1yWZSLgy/OTeLAIBFubi9vH3zxhzvUnG7ijunnrHEh4llVl6HyPvP1lDBbBQPSL4HuEwLJDnkACeEoEeq8Odg0+shphiQHEH4TB5/898H6rZ+dEQKPGhPjC9dvIKj5jfYW05p0WfVTcH0UBCGt3ZDMUKkA8vcAmhkLJh09jExNjJccxaQUYtnDRp0hJTcTJ0kJs2hyPBQs/RWRUBM6cPWn9U6qqb/LFVVMAd5gDqH/+HYqgxbpRd6tPkUTw9QP03tNavbpQtQhSCMEBz3bDenB8iLoRjQarJDEOn7lgaxEnZmQjNTsX+WfP03KTII0kFaHJqNQhS8mdNcfzxWkQtab1rmeCaYkYX6ItzkCR1dZScPwfjTtWr1A3NYka+0g+WlSN2dWszp0UkOrGRTqtEi8RiPwBEksewWZyI0Rem7EiSGCJQN6ghYS/QxE0kfQGq4akAHidngicN+DxYJjjD2McSJwgWYcSgaZS6b7bi4dPvsZ//+//4E/f/cW8ibyGXY/+R0ISKYK/8cjrlWEgQQfCJwI/4X2/DeUFhCcCP9SwpRFfOtdv4Z8mrCOtzvOXH8Kg8/0YHBrpWuy7YHkSuFqyNfHu9apaFF8ox958LcBRgM0HS0j2Y0x4cy0JlgDWcV9hUIKWA848gYR9x/n5GNbRM2iE2bCTJ4/i+s2LuHnrMvZn7jYh7EpLxbmyUnqCatyuuon6hlrmB324yxcjQnXQkmqmie6etpAIuvsYG7do2jwlQrr4/htRy2CNFmhWYw9vpo43Uk3cqKvD1aoqXKupwq1AHb/XDTtLo34rIpZXO2Jz7Agks6AGH5sUVgmliMUHY+ECj2lGBjcrQys0K4V6kGrmNk1GpXl8ZI0tBue+SD+gajEoAsWaaiTyRKDEVtD+UNWCIpa331+j48jtwYv/bZ/3H7JsgyCSP3j4lXmA7/7rP9HV2+PEw+uT5dW+lcl71taIJrIMRTY/QmLg8w2e64fO0TsyIXjH+S6M/NadgWXwf9x1auth4PX7Y/cA+RKqFfJd41BQ2d4zkRHVQHsnRO96dN0SsYxjuw3AuXzzNgrPXsIeiiAlqxCbD52k1acIduYZ1u1ijkDySwAb95dwW2zHVVO0hiKJSM3CsPT0FBw4lI6Zs6dg8pRx+GzOdMydNxO5eYdRWVlBcVTYaLGHjx5YbVELLXFnVys0yN4Lhx6ZCBg+NCuUUSc63YyEQNLzodZouR+tVK61aoM3dEcxOV+gWkGrKRAt22nf6UFRCCKVmzHZhRXqHu1aO/tbPdX8r9ZkCcGrC/dqXxQyuC7UwYSWSavF8yxTCzkYkVmuCO8XgdXP+8isPMRyEYZYgvZ/qAiEUAIcJMlQIlAo0XvvLv78H9/ZKDado/mUNJhIRJKYBpRLMYSIFCz3b8E73w8dVx2+6vJDx80gETbAxV2bu05n7BwGCsG7N0EDn2r5fQ2FoLEE2hf8/+vBE5gZKd2TriPEC10zowF6fq0Tp+Gy19VGc/U68k9foAhKkHqkiCIoZewvEeRTAATDnQ0k/gZaf21jKRCv2lQCiOD+sI2J0YiJW41XfvFTjPj1a5g0eRw+HDcW+QVHUF1zy/oJtdPya77R3r4uE0FXd5v1Hg2J4PH9gSJguOG8gUQgD0AREJ4IBHWv1QvVJKqCNdQwj7Ab90RAMin00CRaGkxjMysbtE+LrsY5hmfqQ+ORP2S5CYnAhNDaYZAIFM4oprcQi+VqDk97uHrR9uJELEdoiVCCEVyNEEMhT0BBwnvwRGALyOkcO+4jahCeCDySDCUCzer98PFjfP3tN6jWZFK0iL3375oxkKXW1n7rK9crzw+VPdRxYUgS8ri9B70D73hQBKGVYnwi0DBa4ftEoOcpr+8R3w///wryHt6z0PtT/qT/stXuFVXwGtQqXEcBKF+sqm3CxYpKnLh4Fdkny5CWRxHkFiMxs4QhUH5QBAUmgtg9hYinAIS1PKZWZHWhDk/5Eiu4P2xLynqsjY3A22PewPvjRmPsh+9g/MQPUFxylOFFvcXUbbS49+73kvSdtKQSQbuJQFWkEsFDE4FibZ8I1EgySAQ1g0Qgq+9EwHM8ETTod3qQjlQinuLhFg2BDJK/XwQknAlBIugPXTx4IhD5DRSAl9h6yav6vVvTu8KE4MuTCFxfGYVOnghUTalE/K+IQAIgdI761fhJOhih/wq+eD80aP/Jt98S37AsJ3BN2qXfKbSQJ9BWv/d7Fm9r5eo7luX9z2AMJqERkcflBVR26PjfIQJVPvivf4AnIF/+tgjcufqtwlqFfaFKBP7edcFgqMpnqzyxur4ZFbdqcebSNRw/W46DRWew7UghthIKhSK3KR8ICoEiWEfPsD7juCGKIginF1gRFEF4MkUwdcY4RMaE4/OIBRj/x7H42Wsv4533RqGoOJ+EbwgmlvXMAUR6ioDuzYmgO9ROoIU6TARBT2CdtQiv22zdAG9AovPGFS64h073G7Q+ngiMGLLGehgkXL8IPCG4fXkHCcFaYmkdDTzfg1eTompVP0RoiVAW1QnBI7UjqIhl3xPuZRA8x+su/JQITEQu4bRuxP9PESgeVs3WV48fmTfoY2ika3EEFTFVZRlwxOG1Glimt3CGgWRSWSaO4H/5MZCEDjo+QAA6JgGEwLJCImg08jvoM++LsCpfwquqVcirfk+1g+BqpRxcDqHfqtaH98Ctt+6Blr1S/zN55QAFUNPQjJtV9bh8rdI6LBaUXmBSfMKS4qSDhRYCRW5TzE/syENM2lF6giJ6gRLbrqE4wpOzEL5VAuBWIpg5/yNM+WQC3hz9Ol54eThe++W/YvK0CThxuogWia6nrgY1tZXo6tE0f+0kUTO6u9107RKFQiGJQAvuKQ9QO4H6pQj9eQE9AHMCiUE3rNmUvZjZe/D28PmSFRc6a8Dfc18kEbkHegPt/xUofCJRn4YI7XIHszIegQwSha5LRPaRP3SuvvseL6Bc4ntE4CeeMPjYUCLQsEJ1fe7pYw7G+7EkUYZCAuD3HmFVll0v4a5Tnsg9u8HQuR68//aT3SvTvy8MvjZhcNkivnf/3/dsPI/ih/cbneNCUN2P3gO9n94zBaAZuT0R1FlfLSeAs+ev4FTZVeSdvIC07GIk7SuwUCiS5I/eWWDbKBI+Nr0IMemFJgB5AYU/X1AAHsKTs/F/Sk4tfjNnQD8AAAAASUVORK5CYII=\" /></p>', '2021-09-26 17:54:00', NULL);
INSERT INTO `movie_description` VALUES ('2', '2', '滴滴', '2021-09-24 23:20:26', NULL);
INSERT INTO `movie_description` VALUES ('27853d09f7833cd30514903ba0ad9f8e', NULL, '<p><span style=\"text-decoration: underline;\"><strong>大学校园视频</strong></span></p>', '2021-09-28 22:07:10', NULL);
INSERT INTO `movie_description` VALUES ('4697ad1103cdcc31becc5291cbe9091e', 'a9f1c5cc9fdb8258b00cbbf33e05fc2d', 'ad啊', '2021-09-24 23:38:23', NULL);
INSERT INTO `movie_description` VALUES ('52ec2f1ee9bdec97abc7d2ca72446d1d', NULL, '<p>456</p>', '2021-09-26 20:40:04', NULL);
INSERT INTO `movie_description` VALUES ('cf55dd292eb01e24b706543c6aa17bc4', 'f895261fe4a0d81eac5527a37bb733ac', '<p>123</p>', '2021-09-26 20:35:56', NULL);
INSERT INTO `movie_description` VALUES ('fa94beef9f4b67b28c7021e942663a89', NULL, '<p>发布</p>', '2021-09-28 22:24:52', NULL);

-- ----------------------------
-- Table structure for movie_video
-- ----------------------------
DROP TABLE IF EXISTS `movie_video`;
CREATE TABLE `movie_video`  (
  `id` varchar(64) CHARACTER SET utf8mb4 COLLATE utf8mb4_general_ci NOT NULL COMMENT '视频流ID',
  `movie_id` varchar(64) CHARACTER SET utf8mb4 COLLATE utf8mb4_general_ci NOT NULL COMMENT '视频ID',
  `chapter_id` varchar(64) CHARACTER SET utf8mb4 COLLATE utf8mb4_general_ci NOT NULL COMMENT '章节ID',
  `title` varchar(60) CHARACTER SET utf8mb4 COLLATE utf8mb4_general_ci NOT NULL COMMENT '节点名称',
  `video_source_id` varchar(100) CHARACTER SET utf8mb4 COLLATE utf8mb4_general_ci NULL DEFAULT NULL COMMENT '云端视频资源',
  `video_original_name` varchar(100) CHARACTER SET utf8mb4 COLLATE utf8mb4_general_ci NULL DEFAULT NULL COMMENT '原始文件名称',
  `sort` int(10) UNSIGNED NOT NULL DEFAULT 0 COMMENT '排序字段',
  `play_count` bigint(20) UNSIGNED NOT NULL DEFAULT 0 COMMENT '播放次数',
  `is_free` tinyint(1) UNSIGNED NOT NULL DEFAULT 0 COMMENT '是否可以试听：0收费 1免费',
  `duration` float NOT NULL DEFAULT 0 COMMENT '视频时长（秒）',
  `status` varchar(20) CHARACTER SET utf8mb4 COLLATE utf8mb4_general_ci NOT NULL DEFAULT 'Empty' COMMENT 'Empty未上传 Transcoding转码中  Normal正常',
  `size` bigint(20) UNSIGNED NOT NULL DEFAULT 0 COMMENT '视频源文件大小（字节）',
  `version` bigint(20) UNSIGNED NOT NULL DEFAULT 1 COMMENT '乐观锁',
  `create_time` datetime(0) NULL DEFAULT NULL COMMENT '创建时间',
  `update_time` datetime(0) NULL DEFAULT NULL COMMENT '更新时间',
  PRIMARY KEY (`id`) USING BTREE,
  INDEX `idx_course_id`(`movie_id`) USING BTREE,
  INDEX `idx_chapter_id`(`chapter_id`) USING BTREE
) ENGINE = InnoDB CHARACTER SET = utf8mb4 COLLATE = utf8mb4_general_ci COMMENT = '视频的流' ROW_FORMAT = Compact;

-- ----------------------------
-- Records of movie_video
-- ----------------------------
INSERT INTO `movie_video` VALUES ('2ed96758834b5f3275056cfe344d97a2', '27853d09f7833cd30514903ba0ad9f8e', 'f5829aef386e6fd31faf3f6318f16e9d', '第一节', '', NULL, 1, 0, 0, 0, 'Empty', 0, 1, NULL, NULL);
INSERT INTO `movie_video` VALUES ('58dba814d17118e281429b74f401f11b', '54dba814d17118e281429b74f401f11b', '55dba814d17liijdnjhuy764f401f11b', '第一节', NULL, NULL, 0, 0, 0, 0, 'Empty', 0, 1, NULL, NULL);
INSERT INTO `movie_video` VALUES ('59dba814d17118e281429b74f401f11b', '54dba814d17118e281429b74f401f11b', '56dba814d17118e281429b74f401f11b', '第二节', NULL, NULL, 0, 0, 0, 0, 'Empty', 0, 1, NULL, NULL);
INSERT INTO `movie_video` VALUES ('5cf2b1fa2d8d7422ed20849cfd39b131', '52ec2f1ee9bdec97abc7d2ca72446d1d', 'a93d03747401009facb85bc99b25fefe', '第一节', '', NULL, 1, 0, 0, 0, 'Empty', 0, 1, NULL, NULL);
INSERT INTO `movie_video` VALUES ('b03429f3bd90dce624e30621b1248768', '1', 'd0fe41e99cdc2d2dfb8d0a37f0ebcb8c', '第一节啊啊啊啊啊啊', '', NULL, 1, 0, 0, 0, 'Empty', 0, 1, NULL, NULL);
INSERT INTO `movie_video` VALUES ('b9392079f3e4774f604a1fc419306c77', 'fa94beef9f4b67b28c7021e942663a89', '2260b8e3cc32426037cdae7a21591112', '第一节', '', NULL, 1, 0, 0, 0, 'Empty', 0, 1, NULL, NULL);

-- ----------------------------
-- Table structure for subject
-- ----------------------------
DROP TABLE IF EXISTS `subject`;
CREATE TABLE `subject`  (
  `id` varchar(64) CHARACTER SET utf8 COLLATE utf8_general_ci NOT NULL,
  `title` varchar(60) CHARACTER SET utf8 COLLATE utf8_general_ci NULL DEFAULT NULL COMMENT '类别名称',
  `parent_id` varchar(64) CHARACTER SET utf8 COLLATE utf8_general_ci NOT NULL DEFAULT '0' COMMENT '父ID',
  `sort` int(11) NOT NULL DEFAULT 0 COMMENT '排序字段',
  `create_time` datetime(0) NULL DEFAULT NULL,
  `update_time` datetime(0) NULL DEFAULT NULL,
  PRIMARY KEY (`id`) USING BTREE
) ENGINE = InnoDB CHARACTER SET = utf8 COLLATE = utf8_general_ci ROW_FORMAT = Dynamic;

-- ----------------------------
-- Records of subject
-- ----------------------------
INSERT INTO `subject` VALUES ('1', '动画', '0', 0, '2021-09-23 22:04:50', NULL);
INSERT INTO `subject` VALUES ('10', '芭蕾舞', '3', 0, '2021-09-23 22:06:53', NULL);
INSERT INTO `subject` VALUES ('11', '流行音乐', '2', 0, '2021-09-23 22:07:09', NULL);
INSERT INTO `subject` VALUES ('115fc87c73b63819f9dd5d68e4b856c6', '军事', '0', 0, '2021-09-24 23:35:40', NULL);
INSERT INTO `subject` VALUES ('2', '音乐', '0', 0, '2021-09-23 22:05:01', NULL);
INSERT INTO `subject` VALUES ('3', '舞蹈', '0', 0, '2021-09-23 22:05:07', NULL);
INSERT INTO `subject` VALUES ('4', '游戏', '0', 0, '2021-09-23 22:05:22', NULL);
INSERT INTO `subject` VALUES ('5', '国产动画', '1', 0, '2021-09-23 22:05:43', NULL);
INSERT INTO `subject` VALUES ('6', '日本动画', '1', 0, '2021-09-23 22:05:51', NULL);
INSERT INTO `subject` VALUES ('7', 'LOL', '4', 0, '2021-09-23 22:06:06', NULL);
INSERT INTO `subject` VALUES ('8', 'DNF', '4', 0, '2021-09-23 22:06:16', NULL);
INSERT INTO `subject` VALUES ('9', 'CF', '4', 0, '2021-09-23 22:06:27', NULL);
INSERT INTO `subject` VALUES ('c5429945f8a2c8f1b9d6f105e5361c5f', '跑步', 'ef92ddb0ded023c6ee945cb1495c0494', 0, '2021-09-24 23:35:40', NULL);
INSERT INTO `subject` VALUES ('ef92ddb0ded023c6ee945cb1495c0494', '运动', '0', 0, '2021-09-24 23:35:40', NULL);
INSERT INTO `subject` VALUES ('f7c637df9348cdc8164a696518717cf6', '海军', '115fc87c73b63819f9dd5d68e4b856c6', 0, '2021-09-24 23:35:40', NULL);

-- ----------------------------
-- Table structure for user
-- ----------------------------
DROP TABLE IF EXISTS `user`;
CREATE TABLE `user`  (
  `id` varchar(64) CHARACTER SET utf8 COLLATE utf8_general_ci NOT NULL,
  `user_name` varchar(255) CHARACTER SET utf8 COLLATE utf8_general_ci NULL DEFAULT NULL COMMENT '姓名',
  `age` varchar(255) CHARACTER SET utf8 COLLATE utf8_general_ci NULL DEFAULT NULL COMMENT '年龄',
  `nick_name` varchar(255) CHARACTER SET utf8 COLLATE utf8_general_ci NULL DEFAULT NULL COMMENT '昵称',
  `login_name` varchar(255) CHARACTER SET utf8 COLLATE utf8_general_ci NULL DEFAULT NULL COMMENT '登录名',
  `pass_word` varchar(255) CHARACTER SET utf8 COLLATE utf8_general_ci NULL DEFAULT NULL COMMENT '登录密码',
  `avatar` varchar(500) CHARACTER SET utf8 COLLATE utf8_general_ci NULL DEFAULT NULL COMMENT '头像',
  `is_delete` int(1) NOT NULL DEFAULT 0 COMMENT '是否删除，0未删除，1已删除',
  `create_time` datetime(0) NULL DEFAULT NULL COMMENT '创建时间',
  `update_time` datetime(0) NULL DEFAULT NULL COMMENT '更新时间',
  `description` varchar(600) CHARACTER SET utf8 COLLATE utf8_general_ci NULL DEFAULT NULL COMMENT '简介',
  PRIMARY KEY (`id`) USING BTREE
) ENGINE = InnoDB CHARACTER SET = utf8 COLLATE = utf8_general_ci ROW_FORMAT = Dynamic;

-- ----------------------------
-- Records of user
-- ----------------------------
INSERT INTO `user` VALUES ('1', '亚索', '30', '疾风剑豪', 'yasuo', '123456', 'https://img1.baidu.com/it/u=1500793427,64593373&fm=26&fmt=auto', 0, '2021-09-21 15:34:50', NULL, NULL);
INSERT INTO `user` VALUES ('2', '劫', '30', '影流之主', 'jie', '123456', 'https://img2.baidu.com/it/u=687659866,3234766266&fm=253&fmt=auto&app=120&f=JPEG?w=640&h=437', 0, '2021-09-18 15:34:54', NULL, NULL);
INSERT INTO `user` VALUES ('3', '伊泽瑞尔', '18', '探险家', 'yizeruier', '123456', '', 1, '2021-09-21 16:52:11', NULL, NULL);
INSERT INTO `user` VALUES ('4', '拉克丝', '18', '光辉女郎', 'lakesi', '123456', NULL, 0, '2021-09-21 16:52:43', NULL, NULL);
INSERT INTO `user` VALUES ('5', '娑娜', '18', '琴瑟仙女', 'suona', '123456', NULL, 0, '2021-09-21 16:53:13', NULL, NULL);
INSERT INTO `user` VALUES ('6', '易', '29', '无极剑圣', 'yi', '123456', '', 0, '2021-09-21 17:33:40', NULL, '易大师333');
INSERT INTO `user` VALUES ('7', '嘉文四世', '30', '德玛西亚皇子', 'jia wen si shi', '123456', '', 0, '2021-09-21 18:10:28', NULL, '德玛西亚皇子的皇子，为了德玛西亚');
INSERT INTO `user` VALUES ('8', '史永明', '27', '二哈', 'shi yong ming', '123456', NULL, 0, '2021-09-21 21:26:36', NULL, '史永明的二哈');
INSERT INTO `user` VALUES ('9', 'iPhone13', '13', '苹果', 'i p h o n e 1 3', '123456', 'https://audience7510.oss-cn-beijing.aliyuncs.com/2021-09-21/90d0659ee2b44dc7baa6eb7ae00da428fileName=file.png', 0, '2021-09-21 21:49:24', NULL, 'iPhone13香');
INSERT INTO `user` VALUES ('b2115c5a8f935bcefb7cbc0bcc674467', '位置', '4', '为止', 'weizhi', '123456', NULL, 0, '2021-09-24 23:33:30', NULL, '1233');

SET FOREIGN_KEY_CHECKS = 1;
